[
  {
    "quote_index": "(1150,1484)",
    "quote": "«El análisis científico de estas monedas ultra raras rescata al emperador Esponsiano de la oscuridad. Nuestra evidencia sugiere que gobernó la provincia romana de Dacia, un puesto aislado de minería de oro, en un momento en que el imperio estaba acosado por guerras civiles y las fronteras estaban invadidas por saqueadores invasores»",
    "verb_index": "(1486,1492)",
    "verb": "apunta",
    "reference_index": "(1493,1508)",
    "reference": "Paul N. Pearson",
    "reference_gender": "Male",
    "speaker_index": "(1493,1508)",
    "speaker_text": "Paul N. Pearson"
  },
  {
    "quote_index": "(3377,3630)",
    "quote": "«Para la Historia de Transilvania y Rumanía en particular, pero también para la Historia de Europa en general, si estos resultados son aceptados por la comunidad científica significarán la adición de otra figura histórica importante en nuestra Historia«",
    "verb_index": "(3632,3638)",
    "verb": "afirma",
    "reference_index": "(3639,3667)",
    "reference": "Alexandru Constantin Chituta",
    "reference_gender": "Male",
    "speaker_index": "(3639,3667)",
    "speaker_text": "Alexandru Constantin Chituta"
  }
]