[
  {
    "quote_index": "(2430,2466)",
    "quote": "\"Trampas\" y \"atajos administrativos\"",
    "verb_index": "(2481,2489)",
    "verb": "definido",
    "reference_index": "(2540,2552)",
    "reference": "Valentí Pich",
    "reference_gender": "Male",
    "speaker_index": "(2540,2552)",
    "speaker_text": "Valentí Pich"
  },
  {
    "quote_index": "(2678,2755)",
    "quote": "\"Nos inquietan los actos administrativos que buscan eludir las vías formales\"",
    "verb_index": "(2760,2771)",
    "verb": "argumentado",
    "speaker_index": "(2772,2804)",
    "speaker": "el presidente de los economistas",
    "reference_index": "(2540,2552)",
    "reference": "Valentí Pich",
    "reference_gender": "Male"
  },
  {
    "quote_index": "(2806,3100)",
    "quote": "\"En un estado de corte federal como España lo que hay que hacer con los conflictos entre el Estado y las comunidades autónomas es encauzarlos. Nos sorprende la incapacidad que hay de crear un sistema de financiación autonómica que resuelva estos problemas. Lo que no se puede hacer es trampas\".",
    "reference_index": "(2540,2552)",
    "reference": "Valentí Pich",
    "reference_gender": "Male"
  }
]