[
  {
    "quote_index": "(554,644)",
    "quote": "«Joaquín Sabina ha decidido, contra todo pronóstico, no contar conmigo en su próxima gira»",
    "verb_index": "(646,654)",
    "verb": "escribía",
    "speaker_index": "(655,698)",
    "speaker": "el músico, compositor y productor madrileño",
    "reference_index": "(180,193)",
    "reference": "Pancho Varona",
    "reference_gender": "Male"
  },
  {
    "quote_index": "(734,1131)",
    "quote": "«Yo le quiero agradecer de todo corazón las cien canciones que compusimos juntos, las cuarenta giras en las que le acompañé y los quince discos en los fui su productor. Aunque no vaya a estar en esta gira, quiero deciros a todos los que lleváis acompañándome más de cuarenta años que siempre voy a estar en cada escenario junto a vosotros. ¡Millones de gracias y todo mi cariño! Sintiéndolo mucho»",
    "reference_index": "(180,193)",
    "reference": "Pancho Varona",
    "reference_gender": "Male"
  },
  {
    "quote_index": "(1344,1450)",
    "quote": "«Yo deseo un largo camino a la profesión y a la vida artística de Joaquín, sigo queriéndole y admirándole»",
    "verb_index": "(1451,1458)",
    "verb": "asegura",
    "speaker_index": "(1459,1518)",
    "speaker": "el coautor de cien de las canciones del repertorio sabinero",
    "reference_index": "(180,193)",
    "reference": "Pancho Varona",
    "reference_gender": "Male"
  },
  {
    "quote_index": "(1541,1773)",
    "quote": "por su parte, esto no tiene por qué significar un portazo para siempre aunque ahora no sea momento de pensar en ello: «Respecto a volver a trabajar juntos, nadie sabe nada. Es muy pronto para pensar en juntarnos nada más separarnos»",
    "verb_index": "(1520,1529)",
    "verb": "señalando",
    "reference_index": "(180,193)",
    "reference": "Pancho Varona",
    "reference_gender": "Male"
  },
  {
    "quote_index": "(2008,2081)",
    "quote": "«Mi primera reacción fue de sorpresa, aunque es cierto que algo me temía»",
    "verb_index": "(2083,2087)",
    "verb": "dice",
    "reference_index": "(180,193)",
    "reference": "Pancho Varona",
    "reference_gender": "Male"
  },
  {
    "quote_index": "(2197,2270)",
    "quote": "«Hacía tiempo que no tenía relación con Joaquín y eso me hacía sospechar»",
    "verb_index": "(2272,2279)",
    "verb": "explica",
    "speaker_index": "(2280,2286)",
    "speaker": "Varona",
    "reference_index": "(180,193)",
    "reference": "Pancho Varona",
    "reference_gender": "Male"
  },
  {
    "quote_index": "(2363,2447)",
    "quote": "no había hablado con Joaquín desde su accidente en el WiZink Center seis meses antes",
    "verb_index": "(2350,2358)",
    "verb": "confesar",
    "reference_index": "(180,193)",
    "reference": "Pancho Varona",
    "reference_gender": "Male"
  },
  {
    "quote_index": "(3596,3704)",
    "quote": "no sentía que Sabina le hubiese hecho «un feo», y que entendía que no pudiese haber ido a los dos conciertos",
    "verb_index": "(3566,3573)",
    "verb": "comentó",
    "speaker_index": "(3559,3565)",
    "speaker": "Pancho",
    "reference_index": "(180,193)",
    "reference": "Pancho Varona",
    "reference_gender": "Male"
  },
  {
    "quote_index": "(3786,4090)",
    "quote": "le pidió expresamente que también fuera al suyo, algo que en su momento ocultó. «Que fuese a cantar con Benditos Malditos, y luego no quisiera venir a cantar conmigo después de pedírselo, fue una más de las señales que yo estaba detectando desde hacía unos meses, y que me decían que algo estaba pasando»",
    "verb_index": "(3773,3781)",
    "verb": "confiesa",
    "reference_index": "(180,193)",
    "reference": "Pancho Varona",
    "reference_gender": "Male"
  },
  {
    "quote_index": "(4259,4372)",
    "quote": "«No sé si Antonio y algún otro miembro de la banda han podido influir en la decisión de Joaquín, no estoy seguro»",
    "verb_index": "(4374,4382)",
    "verb": "contesta",
    "speaker_index": "(4383,4389)",
    "speaker": "Pancho",
    "reference_index": "(180,193)",
    "reference": "Pancho Varona",
    "reference_gender": "Male"
  },
  {
    "quote_index": "(4425,4559)",
    "quote": "«De lo que sí estoy seguro es de que Leiva tienen nada que ver en esto. En las redes hay gente cargando contra él y me parece injusto»",
    "verb_index": "(4415,4423)",
    "verb": "concluye",
    "speaker_index": "(4383,4389)",
    "speaker": "Pancho",
    "reference_index": "(180,193)",
    "reference": "Pancho Varona",
    "reference_gender": "Male"
  },
  {
    "quote_index": "(4789,4937)",
    "quote": "«A Serrat le admiro y quiero igual que a Leiva. Hace pocas semanas estuve en Córdoba viendo su concierto y estuvo maravilloso conmigo, como siempre»",
    "reference_index": "(180,193)",
    "reference": "Pancho Varona",
    "reference_gender": "Male"
  }
]