[
  {
    "quote_index": "(165,186)",
    "quote": "su compromiso de boda",
    "verb_index": "(138,148)",
    "verb": "anunciaron",
    "reference_index": "(15,30)",
    "reference": "Santiago Pedraz",
    "reference_gender": "Male"
  },
  {
    "quote_index": "(740,760)",
    "quote": "ya no estaban juntos",
    "verb_index": "(628,639)",
    "verb": "comunicaron",
    "speaker_index": "(610,627)",
    "speaker": "los protagonistas",
    "reference_index": "(15,30)",
    "reference": "Santiago Pedraz",
    "reference_gender": "Male"
  },
  {
    "quote_index": "(822,849)",
    "quote": "habían roto el 12 de agosto",
    "verb_index": "(808,817)",
    "verb": "aseguraba",
    "speaker_index": "(775,807)",
    "speaker": "el juez de la Audiencia Nacional",
    "reference_index": "(15,30)",
    "reference": "Santiago Pedraz",
    "reference_gender": "Male"
  },
  {
    "quote_index": "(940,1049)",
    "quote": "no era conocedora de la ruptura ya que solo recibió un WhatsApp de dos líneas al que no dio mayor importancia",
    "verb_index": "(927,935)",
    "verb": "defendía",
    "speaker_index": "(902,926)",
    "speaker": "la viuda de Carlos Falcó",
    "reference_index": "(1,12)",
    "reference": "Esther Doña",
    "reference_gender": "Female"
  },
  {
    "quote_index": "(1347,1433)",
    "quote": "todo lo que ha vivido los últimos meses y cómo ha sido su relación con Santiago Pedraz",
    "verb_index": "(1341,1346)",
    "verb": "narró",
    "speaker_index": "(1246,1276)",
    "speaker": "la viuda del marqués de Griñón"
  },
  {
    "quote_index": "(1456,1572)",
    "quote": "la ruptura le había hecho sufrir más dolor que el fallecimiento de Carlos Falcó por la incertidumbre de la situación",
    "verb_index": "(1443,1451)",
    "verb": "confesar",
    "reference_index": "(1,12)",
    "reference": "Esther Doña",
    "reference_gender": "Female"
  },
  {
    "quote_index": "(1579,1752)",
    "quote": "«Aún no sé el motivo por el que tomó la decisión. No me ha dado explicaciones, solo la del WhatsApp. Ha sido muy traumático no poder hablar ni que se me expliquen las cosas»",
    "verb_index": "(1443,1451)",
    "verb": "confesar",
    "reference_index": "(1,12)",
    "reference": "Esther Doña",
    "reference_gender": "Female"
  },
  {
    "quote_index": "(2044,2235)",
    "quote": "no borraría la etapa que ha vivido junto al juez ya que «es una persona que ha estado en mi vida. Hemos vivido cosas muy bonitas. Ha sido un año fantástico. Por el momento, no lo voy a hacer»",
    "verb_index": "(2030,2039)",
    "verb": "confesado",
    "speaker_index": "(2009,2026)",
    "speaker": "la viuda de Falcó",
    "reference_index": "(1,12)",
    "reference": "Esther Doña",
    "reference_gender": "Female"
  },
  {
    "quote_index": "(2274,2296)",
    "quote": "«soltera pero no sola»",
    "reference_index": "(1,12)",
    "reference": "Esther Doña",
    "reference_gender": "Female"
  },
  {
    "quote_index": "(2320,2343)",
    "quote": "tiene «cien mil planes»",
    "verb_index": "(2306,2315)",
    "verb": "confesado",
    "speaker_index": "(2298,2302)",
    "speaker": "Doña"
  },
  {
    "quote_index": "(2350,2402)",
    "quote": "«tenía muchas ganas de hablar y estar en televisión»",
    "verb_index": "(2306,2315)",
    "verb": "confesado",
    "speaker_index": "(2298,2302)",
    "speaker": "Doña",
    "reference_index": "(1,12)",
    "reference": "Esther Doña",
    "reference_gender": "Female"
  },
  {
    "quote_index": "(2429,2525)",
    "quote": "«estoy disfrutando del momento y no tengo ganas de enamorarme. A Carlos siempre lo voy a querer»",
    "verb_index": "(2415,2424)",
    "verb": "expresado",
    "reference_index": "(1,12)",
    "reference": "Esther Doña",
    "reference_gender": "Female"
  }
]