[
  {
    "quote_index": "(894,1169)",
    "quote": "«No voy a echar currículums porque quiero hacerme 'youtuber'. Imagínate el drama, porque se piensan que estoy jugando al ordenador, además. No lo valoran. Les conté que había gente que ganaba mucho dinero, le enseñé los casos de Rubius, Vegeta, Willyrex… y llegué a un trato»",
    "reference_index": "(1,21)",
    "reference": "Miguel Bernal Montes",
    "reference_gender": "Male"
  },
  {
    "quote_index": "(1293,1327)",
    "quote": "«Multipliqué por diez lo acordado»",
    "reference_index": "(1,21)",
    "reference": "Miguel Bernal Montes",
    "reference_gender": "Male"
  },
  {
    "quote_index": "(1329,1503)",
    "quote": "«Tenía que conseguir 100.000 suscriptores, que es una burrada, y un millón de visitas mensuales. Al final, logré 40 millones de visitas mensuales y un millón de suscriptores»",
    "reference_index": "(1,21)",
    "reference": "Miguel Bernal Montes",
    "reference_gender": "Male"
  },
  {
    "quote_index": "(1583,1731)",
    "quote": "«Lo más importante fue cuando creo el personaje y, luego, hago la serie animada, que ha sido un éxito completo. O sea, soy el Mickey Mouse de ahora»",
    "reference_index": "(1,21)",
    "reference": "Miguel Bernal Montes",
    "reference_gender": "Male"
  },
  {
    "quote_index": "(1941,2332)",
    "quote": "«Esto me cambií la vida. En esos años se empezaba a detectar el TDAH, pero hasta poco antes hubiera sido un niño con mal comportamiento, un niño malo… Entonces, ya se podía tratar. Pasamos de una rama más psicológica a una rama más neurológica. Al final, con la combinación de apoyo y medicación conseguí dejar de ir al colegio como si nunca hubiera dormido e, incluso, con ganas de atender»",
    "reference_index": "(1,21)",
    "reference": "Miguel Bernal Montes",
    "reference_gender": "Male"
  },
  {
    "quote_index": "(2355,2466)",
    "quote": "«En la Universidad, progresivamente, dejé de hacerlo. También ahí eliges carrera y es mucho más fácil aprender»",
    "reference_index": "(1,21)",
    "reference": "Miguel Bernal Montes",
    "reference_gender": "Male"
  },
  {
    "quote_index": "(2535,3101)",
    "quote": "«Tuve baches. Hasta el instituto era bastante famoso. Hacía cosas raras y no pasaba desapercibido porque era travieso e ingenioso. La liaba bastante en el recreo y me conocía también la gente de otros cursos. Eso es poco habitual. Tenía mi familla, pero en el instituto yo era más infantil, de jugar al escondite y al pilla-pilla. Luego mis amigos empezaron con el botellón, las novias, y me quedé más rezagado, me volví introvertido. Ahí fue cuando me metí más en el mundo de los ordenadores, comunidades de foros e hice amigos por internet. Ahí pasé a ser el raro»",
    "reference_index": "(1,21)",
    "reference": "Miguel Bernal Montes",
    "reference_gender": "Male"
  },
  {
    "quote_index": "(3203,3439)",
    "quote": "«Eso a mis amigos les gustaba mucho, me usaban para ligar. También hacía magia a domicilio. En vez de depender tanto de la paga de mis padres, me generaba un poquillo de dinero para hacer algún plan. Ellos me pagaban el taxi y poco más»",
    "reference_index": "(1,21)",
    "reference": "Miguel Bernal Montes",
    "reference_gender": "Male"
  },
  {
    "quote_index": "(3492,3713)",
    "quote": "«Sí, al final he tomado una serie de decisiones que me han llevado a donde estoy. Para triunfar en YouTube, hay que tener suerte y trabajar mucho, pero también hay que valer. Y yo, al final, entre la magia y los debates…»",
    "reference_index": "(1,21)",
    "reference": "Miguel Bernal Montes",
    "reference_gender": "Male"
  },
  {
    "quote_index": "(3808,4368)",
    "quote": "«Cuando haces un debate académico, se propone una pregunta y se sortea la postura, por lo que tienes que prepararte tanto a favor como en contra. En ningún momento vas a mentir. Está muy bien. El mundo no es ni blanco ni negro, hay un montón de escalas grises y argumentos. Era por equipos y había gente de todas las disciplinas: uno de Derecho, otro de ADE, un farmacéutico… Son competiciones entre universidades. Las más importantes eran la Francisco de Victoria, la mía, que era una de las más temidas de toda España. Esa y la CEU San Pablo y la Carlos III»",
    "reference_index": "(1,21)",
    "reference": "Miguel Bernal Montes",
    "reference_gender": "Male"
  },
  {
    "quote_index": "(4422,4929)",
    "quote": "«Eso no es un debate. Me sabe muy mal decir esto, pero la gente no tiene pensamiento crítico. A la gente le falta estudiar y tomarse muy en serio la filosofía, que para eso la dan, y creo que es una asignatura muy básica. También un poco del método científico, porque te sale gente muy prejuiciosa, muy juzgadora, que no sabe diferenciar entre inducción y deducción. Los debates en las redes son pasionales. La gente tiene sus principios morales, sus vivencias y ya. Y trata de defender eso a capa y escudo»",
    "reference_index": "(1,21)",
    "reference": "Miguel Bernal Montes",
    "reference_gender": "Male"
  },
  {
    "quote_index": "(4948,5073)",
    "quote": "«No. Silencio un poco, no por sus opiniones, pero si detecto que es un 'hater' que está escribiendo para tratar de herir, sí»",
    "reference_index": "(1,21)",
    "reference": "Miguel Bernal Montes",
    "reference_gender": "Male"
  },
  {
    "quote_index": "(5171,6147)",
    "quote": "«No se lo toman en serio, porque haces vídeos sobre videojuegos o tu vida, y la gente, cuando no lo consume, lo desprecia. Todo el mundo piensa que la música de su generación es la mejor. Entiendo que la gente tenga prejuicios y los 'youtubers' igual no ayudan. La mayoría son chavales que no tienen ni idea de la vida, y cuando tienen dinero lo primero que hacen es cumplir el sueño infantil de comprarse un coche, de irse de fiesta… Siempre están en el centro de las polémicas. Eso no me parece bien. Una persona anónima puede decir cualquier cosa, pero si lo dice otro le saltan al cuello. No es cuestión de que nos cohibamos o ponerse una mordaza, es que la gente entienda que somos personas. A la gente lo que les pica, cuando damos opiniones políticas o morales, es que influenciamos a mucha gente. Mucha gente dirá: 'Como Ibai o Rubius dicen esto, será lo correcto'. Y lo que la gente necesita es saber pensar. Escuchar opiniones y saber sacar sus propias conclusiones»",
    "reference_index": "(1,21)",
    "reference": "Miguel Bernal Montes",
    "reference_gender": "Male"
  },
  {
    "quote_index": "(6356,6777)",
    "quote": "«Soy muy casero, y puedo estar perfectamente encerrado un mes sin salir. Así que es bueno estar con amigos que necesitan salir y te arrastran. Cuando estás dentro de una burbujita, estás solo con YouTube. Todo lo que pasa ahí es mi mundo. Entonces, una crítica te afecta mucho más, la bajada de las visitas también. Tu estado emocional depende mucho de los números, de las opiniones, de la audiencia…Es demasiado intenso»",
    "reference_index": "(1,21)",
    "reference": "Miguel Bernal Montes",
    "reference_gender": "Male"
  },
  {
    "quote_index": "(6803,7191)",
    "quote": "«Es como un pequeño paraíso. Yo venía de vacaciones a esquiar. Tuve la suerte de poder venir con el instituto. Y, claro, ahora vivir aquí es como: 'Joder, estoy viviendo en un sitio en el que vendría de vacaciones'. Ahora mismo venía de un 'bikepark', que es uno de los tres mejores del mundo y lo tengo a dos minutos. Literalmente sacó la bici del garaje y subo arriba con el telesillas»",
    "reference_index": "(1,21)",
    "reference": "Miguel Bernal Montes",
    "reference_gender": "Male"
  },
  {
    "quote_index": "(7226,7444)",
    "quote": "«No. La gente te habla del clima, pero yo siempre les digo lo mismo, que esto no es Canadá. En verano hace calor, y en invierno la sensación térmica es mucho más cálida que en Madrid. Las casas están muy bien aisladas»",
    "reference_index": "(1,21)",
    "reference": "Miguel Bernal Montes",
    "reference_gender": "Male"
  },
  {
    "quote_index": "(7498,8729)",
    "quote": "«Se suma todo. Obviamente no me habría planteado irme de España si no fuese porque me sale tan caro vivir allí. Esto es como un alquiler. Uno quiere estar lo más cerca de sus intereses, ¿no? En mi caso, mi familia, mis amigos… Yo he dejado atrás una parte de mi vida. Pero claro, es como un piso. Por mucho que te guste vivir en el centro, a veces no te sale. Es muy caro. Es la filosofía de cada uno, hay gente que valora más unas cosas que otras. Esta es una oportunidad única. No sé cuánto tiempo va a durar. Entonces, prefiero asegurarme, estar unos años fuera y ya veremos qué pasa en el futuro. Cuando me preguntan eso, siempre digo que estoy aquí indefinidamente. De momento me encanta y me quedaría aquí de por vida, aunque cambien las circunstancias, deje de ganar dinero o bajen los impuestos a España. ¡Piensa que esto es el Hollywood 'youtuber'! Hay 'youtubers' que no son ni siquiera de habla hispana. Ya no te digo argentinos, venezolanos, también alemanes o japoneses que se están viniendo aquí a Andorra. Se está creando aquí un nicho tecnológico digital increíble. Dentro de poco estoy seguro de que empezarán a celebrarse eventos digitales muy gordos y que va a ser un sitio muy importante para hacer 'coworking'»",
    "reference_index": "(1,21)",
    "reference": "Miguel Bernal Montes",
    "reference_gender": "Male"
  },
  {
    "quote_index": "(8762,9790)",
    "quote": "«Sí. A ver, cada uno vota lo que le interesa. Entiendo que el que tenga un trabajo más humilde va a intentar tener unas condiciones que le traten bien laboralmente, que cobren más impuestos de las empresas, a los altos directivos, etc. A mí me toca votar lo que me interesa a mí, que, obviamente, es una minoría. Yo sigo votando desde aquí a ver si un día cambia la política española. Pero, al final, es la decisión de todos. Es una democracia. A mi modo de ver son altos, pero lo entiendo. No son solo los impuestos, también es esa persecución, esa criminalización. Ahora mismo estoy siendo investigado por Hacienda Española y no solo los años que estuve allí, también me están investigando los años que llevo en Andorra. Tengo que demostrarles que estoy aquí, cuando he bajado a España dos días en un año. La sociedad tampoco no ayuda. Me da menos pena porque podría pensar que estoy haciendo una fuga de capital, pero cuando la gente tampoco te apoya y te trata mal te vayas o no, pues terminas diciendo: 'Lo olvido, me voy'»",
    "reference_index": "(1,21)",
    "reference": "Miguel Bernal Montes",
    "reference_gender": "Male"
  },
  {
    "quote_index": "(9834,10165)",
    "quote": "«Yo era más del PP, después me fui para Ciudadanos y, cuando no ganó, me atrajo bastante el Casado. Pero es que, al final, por mucho que prometan, todos hacen lo mismo. Tienen una propuesta y no la cumplen. En las últimas elecciones creo que ni fui a votar. Te diría que a ninguno le daría 'like'. No me gusta la política española»",
    "reference_index": "(1,21)",
    "reference": "Miguel Bernal Montes",
    "reference_gender": "Male"
  }
]