[
  {
    "quote_index": "(1311,1388)",
    "quote": "«temerario» cargar contra los magistrados y afirmar que estos son «machistas»",
    "verb_index": "(1296,1305)",
    "verb": "consideró",
    "reference_index": "(1251,1269)",
    "reference": "Juan Pedro Yllanes",
    "reference_gender": "Male",
    "speaker_index": "(1251,1269)",
    "speaker_text": "Juan Pedro Yllanes"
  },
  {
    "quote_index": "(1390,1464)",
    "quote": "«Creo que ha sido un exceso verbal, el calificativo no es el más adecuado»",
    "verb_index": "(1466,1473)",
    "verb": "expresó",
    "speaker_index": "(1474,1481)",
    "speaker": "Yllanes",
    "reference_index": "(1251,1269)",
    "reference": "Juan Pedro Yllanes",
    "reference_gender": "Male"
  },
  {
    "quote_index": "(1512,1657)",
    "quote": "«no es cuestión de jueces machistas, sino de jueces profesionales aplicando la ley», porque, señaló, muchos de ellos son de sectores progresistas",
    "verb_index": "(1496,1504)",
    "verb": "Insistió",
    "reference_index": "(1251,1269)",
    "reference": "Juan Pedro Yllanes",
    "reference_gender": "Male"
  },
  {
    "quote_index": "(1687,1870)",
    "quote": "los magistrados «tienen la obligación estricta de aplicar la ley penal más favorable» y que, por tanto, tras la entrada en vigor de la nueva norma, lo que están haciendo es su trabajo",
    "verb_index": "(1667,1674)",
    "verb": "explicó",
    "speaker_index": "(1659,1666)",
    "speaker": "Yllanes",
    "reference_index": "(1251,1269)",
    "reference": "Juan Pedro Yllanes",
    "reference_gender": "Male"
  },
  {
    "quote_index": "(1891,1938)",
    "quote": "esperar «para ver qué dice el Tribunal Supremo»",
    "verb_index": "(1885,1890)",
    "verb": "pidió",
    "reference_index": "(1251,1269)",
    "reference": "Juan Pedro Yllanes",
    "reference_gender": "Male"
  },
  {
    "quote_index": "(2630,2911)",
    "quote": "«Cuando la cacería adquiere dimensiones de fusilamiento, la obligación de cualquier camarada es apoyar. Primero, por decencia. Segundo, por estrategia. Porque cerrar filas cuando los rifles descargan pólvora contra una compañera es la única forma de evitar que nos maten uno a uno»",
    "verb_index": "(2913,2919)",
    "verb": "tuiteó",
    "speaker_index": "(2920,2929)",
    "speaker": "Echenique",
    "reference_index": "(482,497)",
    "reference": "Pablo Echenique",
    "reference_gender": "Male"
  },
  {
    "quote_index": "(2977,3042)",
    "quote": "«Ofrece atención integral frente a todas las violencias sexuales»",
    "verb_index": "(2962,2975)",
    "verb": "defendiéndose",
    "speaker_index": "(2931,2954)",
    "speaker": "La ministra de Igualdad",
    "reference_index": "(23,36)",
    "reference": "Irene Montero",
    "reference_gender": "Female"
  },
  {
    "quote_index": "(3044,3120)",
    "quote": "«Pese a las feroces resistencias, seguiremos impulsando un Estado feminista»",
    "verb_index": "(3122,3128)",
    "verb": "tuiteó",
    "speaker_index": "(3129,3136)",
    "speaker": "Montero",
    "reference_index": "(23,36)",
    "reference": "Irene Montero",
    "reference_gender": "Female"
  },
  {
    "quote_index": "(3421,3593)",
    "quote": "La portavoz de Más Madrid en la Asamblea, Mónica García, valoró que el Gobierno debería «rectificar» y «cambiar» la ley dado que «se abre una puerta que no se quería abrir»",
    "verb_index": "(3595,3602)",
    "verb": "informa",
    "reference_index": "(3603,3618)",
    "reference": "Paloma Cervilla",
    "reference_gender": "Female",
    "speaker_index": "(3603,3618)",
    "speaker_text": "Paloma Cervilla"
  },
  {
    "quote_index": "(3677,3988)",
    "quote": "«cuando tú haces una ley con una intención, de la misma manera que cuando pones un tratamiento y los efectos secundarios no son lo que esperabas y no está acorde con el espíritu de la ley, creo que habría que cambiar la ley igual que se cambia un tratamiento o dosis. Se abrió una puerta que no se quería abrir»",
    "verb_index": "(3666,3672)",
    "verb": "señaló",
    "speaker_index": "(3659,3665)",
    "speaker": "García",
    "reference_index": "(3463,3476)",
    "reference": "Mónica García",
    "reference_gender": "Female"
  },
  {
    "quote_index": "(4157,4431)",
    "quote": "«Esto [en referencia a las rebajas de penas que se están produciendo] es el resultado de la improvisación, las prisas y la falta de escucha de los informes expertos que, aunque vinieran de la judicatura progresista, se han calificado como machistas por parte del Ministerio»",
    "verb_index": "(4433,4440)",
    "verb": "expresó",
    "reference_index": "(4069,4080)",
    "reference": "Clara Serra",
    "reference_gender": "Female",
    "speaker_index": "(4069,4080)",
    "speaker_text": "Clara Serra"
  },
  {
    "quote_index": "(4575,4784)",
    "quote": "«La gravedad es aún mayor cuando el Ministerio, en lugar de recular, recapacitar y decidir mejorar el texto legal, emprende una huida hacia adelante que pasa por acusar a los jueces de no saber aplicar la ley»",
    "reference_index": "(4069,4080)",
    "reference": "Clara Serra",
    "reference_gender": "Female"
  },
  {
    "quote_index": "(4810,4865)",
    "quote": "Montero se lo haya tomado como un «conmigo o contra mi»",
    "verb_index": "(4798,4805)",
    "verb": "critica",
    "reference_index": "(4069,4080)",
    "reference": "Clara Serra",
    "reference_gender": "Female",
    "speaker_index": "(4069,4080)",
    "speaker_text": "Clara Serra"
  },
  {
    "quote_index": "(4873,5080)",
    "quote": "a Igualdad arreglar la ley: «Si hay errores es una buena ocasión para parar, recapacitar, enmendar y mejorar. Y escuchar a la judicatura progresista y al feminismo que ha sido crítico con esta reforma legal»",
    "verb_index": "(4868,4872)",
    "verb": "pide",
    "reference_index": "(4069,4080)",
    "reference": "Clara Serra",
    "reference_gender": "Female"
  },
  {
    "quote_index": "(5251,5263)",
    "quote": "se «retoque»",
    "verb_index": "(5232,5239)",
    "verb": "planteó",
    "reference_index": "(5217,5230)",
    "reference": "Aitor Esteban",
    "reference_gender": "Male",
    "speaker_index": "(5217,5230)",
    "speaker_text": "Aitor Esteban"
  },
  {
    "quote_index": "(5272,5298)",
    "quote": "«moderación» a la ministra",
    "verb_index": "(5266,5271)",
    "verb": "pidió",
    "reference_index": "(5217,5230)",
    "reference": "Aitor Esteban",
    "reference_gender": "Male"
  },
  {
    "quote_index": "(5352,5447)",
    "quote": "«si hay juristas que señalan que puede haber fisuras o puntos de fuga (...) pues que se mejore»",
    "verb_index": "(5343,5347)",
    "verb": "dijo",
    "reference_index": "(5302,5314)",
    "reference": "Oskar Matute",
    "reference_gender": "Male",
    "speaker_index": "(5302,5314)",
    "speaker_text": "Oskar Matute"
  },
  {
    "quote_index": "(5524,5896)",
    "quote": "La Asociación Profesional de la Magistratura, que tildó de «intolerables» las palabras de Montero, el Foro Judicial Independiente, que habló de «reacción injusta y pueril» de Podemos, y la Asociación Judicial Francisco de Vitoria (AJFV), cuyo portavoz, Jorge Fernández Vaquero, habla de «grave irresponsabilidad institucional que mina la confianza en el Estado de Derecho»",
    "verb_index": "(5898,5905)",
    "verb": "informa",
    "reference_index": "(5906,5921)",
    "reference": "Nati Villanueva",
    "reference_gender": "Female",
    "speaker_index": "(5906,5921)",
    "speaker_text": "Nati Villanueva"
  }
]