[
  {
    "quote_index": "(1338,1617)",
    "quote": "«España tiene el Gobierno con más mujeres de Europa»: «Más del 60 por ciento de nuestro Gobierno son mujeres y además tiene tres extraordinarias vicepresidentas y también cuenta con extraordinaria ministra de Hacienda, María Jesús Montero, que es vicesecretaria general del PSOE»",
    "verb_index": "(1293,1302)",
    "verb": "presumido",
    "speaker_index": "(1276,1289)",
    "speaker": "El presidente",
    "reference_index": "(29,42)",
    "reference": "Pedro Sánchez",
    "reference_gender": "Male"
  },
  {
    "quote_index": "(1948,2025)",
    "quote": "«no pertenece al PSOE, sino al socio minoritario de la coalición de Gobierno»",
    "verb_index": "(1935,1943)",
    "verb": "señalado",
    "reference_index": "(29,42)",
    "reference": "Pedro Sánchez",
    "reference_gender": "Male"
  },
  {
    "quote_index": "(2589,2703)",
    "quote": "la responsabilidad de Justicia en lo relativo al Código Penal y como muñidores de los artículos más controvertidos",
    "verb_index": "(2582,2588)",
    "verb": "señaló",
    "speaker_index": "(2574,2581)",
    "speaker": "Podemos",
    "reference_index": "(325,339)",
    "reference": "Unidas Podemos",
    "reference_gender": "Unknown"
  },
  {
    "quote_index": "(2705,3183)",
    "quote": "«Tiene como principal objetivo reforzar la seguridad de las mujeres frente a las agresiones sexuales y que nunca más una víctima sea cuestionada, esa es la finalidad de las políticas feministas que estamos haciendo desde el Gobierno, es una ley que forma parte de un largo camino, recorrido por todas las mujeres españolas, desde la sociedad civil, desde las organizaciones, desde la judicatura y también todas las administraciones que representan la institucionalidad española»",
    "verb_index": "(3188,3193)",
    "verb": "dicho",
    "speaker_index": "(3194,3201)",
    "speaker": "Sánchez",
    "reference_index": "(29,42)",
    "reference": "Pedro Sánchez",
    "reference_gender": "Male"
  }
]