[
  {
    "quote_index": "(420,581)",
    "quote": "el militar, que se convirtió en la voz de la sublevación a partir de 1936 desde las ondas de Unión Radio Sevilla, sea desenterrado de su lugar de descanso eterno",
    "verb_index": "(361,367)",
    "verb": "pedido",
    "reference_index": "(339,356)",
    "reference": "Fernando Martínez",
    "reference_gender": "Male",
    "speaker_index": "(339,356)",
    "speaker_text": "Fernando Martínez"
  },
  {
    "quote_index": "(1033,1057)",
    "quote": "enardecían a sus hombres",
    "speaker_index": "(1029,1031)",
    "speaker": "él",
    "reference_index": "(261,284)",
    "reference": "Gonzalo Queipo de Llano",
    "reference_gender": "Male",
    "trigger_index": "(1023,1028)",
    "trigger": "según"
  },
  {
    "quote_index": "(1152,1204)",
    "quote": "«violar a las rojas» y a asesinar a civiles enemigos",
    "verb_index": "(1142,1149)",
    "verb": "llamaba",
    "reference_index": "(261,284)",
    "reference": "Gonzalo Queipo de Llano",
    "reference_gender": "Male"
  },
  {
    "quote_index": "(1532,1840)",
    "quote": "adoraba saber que sus palabras enardecían a las tropas sublevadas: «Tuve noticias muy pronto del buen efecto que habían producido [las primeras intervenciones], y por ello me impuse el deber de convertirme en 'speaker', el primero, quizá, que empleó la radio como arma de guerra con resultados sorprendentes»",
    "verb_index": "(1461,1468)",
    "verb": "admitió",
    "speaker_index": "(1421,1436)",
    "speaker": "Queipo de Llano",
    "reference_index": "(261,284)",
    "reference": "Gonzalo Queipo de Llano",
    "reference_gender": "Male"
  },
  {
    "quote_index": "(2668,2729)",
    "quote": "«el más grande combatiente por la radio de todos los tiempos»",
    "verb_index": "(2652,2662)",
    "verb": "calificado",
    "reference_index": "(2776,2793)",
    "reference": "Claude G. Bowers.",
    "reference_gender": "Male",
    "speaker_index": "(2776,2793)",
    "speaker_text": "Claude G. Bowers."
  },
  {
    "quote_index": "(4467,4578)",
    "quote": "entre ellos se contaban el ascenso a general de división y su nombramiento como jefe de la 1ª División Orgánica",
    "reference_index": "(4439,4465)",
    "reference": "Fernando Puell de la Villa",
    "reference_gender": "Male",
    "speaker_index": "(4439,4465)",
    "speaker_text": "Fernando Puell de la Villa",
    "trigger_index": "(4418,4423)",
    "trigger": "Según"
  },
  {
    "quote_index": "(5122,5362)",
    "quote": "«Luché por la caída del gobierno de Montero Ríos […], combatí a las Juntas de Defensa, luché contra aquella Monarquía que perdió un Imperio. Y, cuando vi la República fría, muerta, sumergida en la vergüenza y el crimen, me alcé contra ella»",
    "verb_index": "(5112,5120)",
    "verb": "escribió",
    "reference_index": "(261,284)",
    "reference": "Gonzalo Queipo de Llano",
    "reference_gender": "Male"
  },
  {
    "quote_index": "(5393,5477)",
    "quote": "«nunca pertenecí a partido alguno» y que no vistió «otra librea que la de la Patria»",
    "verb_index": "(5382,5388)",
    "verb": "añadió",
    "reference_index": "(261,284)",
    "reference": "Gonzalo Queipo de Llano",
    "reference_gender": "Male"
  },
  {
    "quote_index": "(5826,6027)",
    "quote": "su gran aportación al golpe fueron las más de 600 charlas que dio en Unión Radio Sevilla con su «facilidad de palabra, agilidad mental y un rico vocabulario unidos a una gran capacidad de comunicación»",
    "verb_index": "(5681,5688)",
    "verb": "afirman",
    "reference_index": "(5708,5724)",
    "reference": "Francisco García",
    "reference_gender": "Male",
    "speaker_index": "(5708,5724)",
    "speaker_text": "Francisco García"
  },
  {
    "quote_index": "(6505,6630)",
    "quote": "«Yo os autorizo, bajo mi responsabilidad, a matar como un perro a cualquiera que se atreva a ejercer coacción sobre vosotros»",
    "verb_index": "(6632,6640)",
    "verb": "insistió",
    "reference_index": "(261,284)",
    "reference": "Gonzalo Queipo de Llano",
    "reference_gender": "Male"
  },
  {
    "quote_index": "(6927,7043)",
    "quote": "«las tonterías que hablaba por la radio» les habían hecho «mucho más daño que el desembarco de las tropas Regulares»",
    "verb_index": "(6835,6843)",
    "verb": "confirmó",
    "reference_index": "(6831,6834)",
    "reference": "CNT",
    "reference_gender": "Unknown",
    "speaker_index": "(6831,6834)",
    "speaker_text": "CNT"
  },
  {
    "quote_index": "(7128,7224)",
    "quote": "«Soy el primero que ha empleado la radio como arma de guerra, y lo acepto lleno de satisfacción»",
    "verb_index": "(7089,7098)",
    "verb": "respondió",
    "reference_index": "(261,284)",
    "reference": "Gonzalo Queipo de Llano",
    "reference_gender": "Male"
  },
  {
    "quote_index": "(7326,7398)",
    "quote": "«perseguir a los rojos como a fieras hasta hacerlos desaparecer a todos»",
    "verb_index": "(7316,7323)",
    "verb": "llamaba",
    "reference_index": "(261,284)",
    "reference": "Gonzalo Queipo de Llano",
    "reference_gender": "Male"
  },
  {
    "quote_index": "(7414,7446)",
    "quote": "«el fin vergonzoso de los rojos»",
    "verb_index": "(7401,7413)",
    "verb": "pronosticaba",
    "reference_index": "(261,284)",
    "reference": "Gonzalo Queipo de Llano",
    "reference_gender": "Male"
  },
  {
    "quote_index": "(7655,8008)",
    "quote": "«Nuestros [soldados] han demostrado a los rojos cobardes lo que significa ser hombre de verdad. Y, a la vez, a sus mujeres. Esto está totalmente justificado porque estas comunistas y anarquistas predican el amor libre. Ahora por lo menos sabrán lo que son hombres de verdad y no milicianos maricones. No se van a librar por mucho que berreen y pataleen»",
    "verb_index": "(8010,8016)",
    "verb": "afirmó",
    "reference_index": "(261,284)",
    "reference": "Gonzalo Queipo de Llano",
    "reference_gender": "Male"
  },
  {
    "quote_index": "(8257,8488)",
    "quote": "«Una parte de nuestra aviación me comunicaba que grandes masas huían a todo correr hacia Motril. Para acompañarles en su huida y hacerles correr con más prisa, enviamos a nuestra aviación que bombardeó incendiando algunos camiones»",
    "reference_index": "(261,284)",
    "reference": "Gonzalo Queipo de Llano",
    "reference_gender": "Male"
  }
]