[
  {
    "quote_index": "(230,298)",
    "quote": "«nuestra relación es imposible, hablamos algún día, cuídate y besos»",
    "verb_index": "(305,310)",
    "verb": "contó",
    "speaker_index": "(324,354)",
    "speaker": "la viuda del Marqués de Griñón",
    "reference_index": "(45,56)",
    "reference": "Esther Doña",
    "reference_gender": "Female"
  },
  {
    "quote_index": "(679,862)",
    "quote": "«He comentado esta mañana que no nos hemos devuelto los regalos, pero no he contado lo que he hecho con el anillo. Me fui a Suárez y los he cambiado por estos maravillosos pendientes»",
    "verb_index": "(864,873)",
    "verb": "confesaba",
    "reference_index": "(45,56)",
    "reference": "Esther Doña",
    "reference_gender": "Female"
  },
  {
    "quote_index": "(890,1066)",
    "quote": "«El anillo no me lo iba a poner nunca. Además, yo no uso anillos. ¿Qué iba a hacer yo con el anillo de pedida? Él no puede devolver las zapatillas, porque están personalizadas»",
    "verb_index": "(1068,1076)",
    "verb": "aclaraba",
    "reference_index": "(45,56)",
    "reference": "Esther Doña",
    "reference_gender": "Female"
  },
  {
    "quote_index": "(1150,1163)",
    "quote": "«son ideales»",
    "verb_index": "(1144,1149)",
    "verb": "opina",
    "reference_index": "(45,56)",
    "reference": "Esther Doña",
    "reference_gender": "Female"
  }
]