[
  {
    "quote_index": "(3808,4057)",
    "quote": "«Las ratas mostraron una sincronización de latidos innata, es decir, sin ningún tipo de entrenamiento o exposición previa a la música, más claramente dentro de 120-140 bpm, a la que los humanos también muestran la sincronización de pulsos más clara»",
    "verb_index": "(4059,4065)",
    "verb": "afirma",
    "reference_index": "(4066,4084)",
    "reference": "Hirokazu Takahashi",
    "reference_gender": "Male",
    "speaker_index": "(4066,4084)",
    "speaker_text": "Hirokazu Takahashi"
  },
  {
    "quote_index": "(4119,4353)",
    "quote": "«La música ejerce un fuerte atractivo sobre el cerebro y tiene profundos efectos sobre las emociones y la cognición. Para utilizar la música de manera efectiva, debemos revelar el mecanismo neuronal que subyace a este hecho empírico».",
    "reference_index": "(4066,4084)",
    "reference": "Hirokazu Takahashi",
    "reference_gender": "Male"
  }
]