[
  {
    "quote_index": "(703,1093)",
    "quote": "«Yo no entiendo por qué la derecha andaluza ha planteado una rebaja fiscal al 0,2% de la población, a los más ricos, porque al final, comprando los argumentos de una comunidad como es la Comunidad de Madrid que tiene un desarrollo económico enorme como consecuencia de que es la capital de España, al final a quien está beneficiando este tipo de política fiscal es a Madrid, no a Andalucía»",
    "verb_index": "(1095,1101)",
    "verb": "arguyó",
    "speaker_index": "(1102,1109)",
    "speaker": "Sánchez",
    "reference_index": "(117,130)",
    "reference": "Pedro Sánchez",
    "reference_gender": "Male"
  },
  {
    "quote_index": "(1552,1909)",
    "quote": "Andalucía no tiene que competir en bajadas de impuestos «generalizadas e indiscriminadas» que «benefician a los que más tienen», sino «en proteger a la clase media y a los trabajadores» y «por tener un buen estado del bienestar, con una sanidad pública de calidad, con una educación pública de calidad y con una apuesta decidida por la transición ecológica»",
    "speaker_index": "(1524,1550)",
    "speaker": "el presidente del Gobierno",
    "reference_index": "(117,130)",
    "reference": "Pedro Sánchez",
    "reference_gender": "Male",
    "trigger_index": "(1518,1523)",
    "trigger": "Según"
  },
  {
    "quote_index": "(1931,2045)",
    "quote": "«¿Por qué no convertir a Andalucía en la Dinamarca de Europa en calidad y potencialidad del estado del bienestar?»",
    "verb_index": "(1920,1929)",
    "verb": "apostilló",
    "reference_index": "(117,130)",
    "reference": "Pedro Sánchez",
    "reference_gender": "Male"
  },
  {
    "quote_index": "(2142,2365)",
    "quote": "va a «pedir un esfuerzo complementario a aquellos que están arriba, los de las grandes energéticas, las grandes entidades financieras y también las grandes fortunas» para «echar una mano al conjunto de la sociedad española»",
    "verb_index": "(2118,2126)",
    "verb": "reafirmó",
    "speaker_index": "(2107,2114)",
    "speaker": "Sánchez",
    "reference_index": "(117,130)",
    "reference": "Pedro Sánchez",
    "reference_gender": "Male"
  },
  {
    "quote_index": "(2367,2392)",
    "quote": "«Le pese a quien le pese»",
    "verb_index": "(2394,2403)",
    "verb": "apostilló",
    "reference_index": "(117,130)",
    "reference": "Pedro Sánchez",
    "reference_gender": "Male"
  }
]