[
  {
    "quote_index": "(3811,3926)",
    "quote": "la incidencia de la huelga convocada por la Plataforma Nacional en Defensa del Transporte por Carretera es \"mínima\"",
    "verb_index": "(3788,3795)",
    "verb": "destacó",
    "reference_index": "(3772,3786)",
    "reference": "Raquel Sánchez",
    "reference_gender": "Female",
    "speaker_index": "(3772,3786)",
    "speaker_text": "Raquel Sánchez"
  },
  {
    "quote_index": "(3940,3995)",
    "quote": "se han desplegado 50.000 agentes para evitar disturbios",
    "verb_index": "(3929,3935)",
    "verb": "reveló",
    "reference_index": "(3772,3786)",
    "reference": "Raquel Sánchez",
    "reference_gender": "Female",
    "speaker_index": "(3772,3786)",
    "speaker_text": "Raquel Sánchez"
  },
  {
    "quote_index": "(4017,4206)",
    "quote": "la labor de los transportistas que han decidido seguir trabajando, así como el de las fuerzas y cuerpos de seguridad del Estado, que han reducido las incidencias a apenas 14 en todo el país",
    "verb_index": "(4007,4016)",
    "verb": "agradeció",
    "reference_index": "(3772,3786)",
    "reference": "Raquel Sánchez",
    "reference_gender": "Female"
  },
  {
    "quote_index": "(4208,4286)",
    "quote": "\"Como se venía viendo la semana pasada el seguimiento está siendo minoritario\"",
    "verb_index": "(4288,4294)",
    "verb": "valoró"
  },
  {
    "quote_index": "(4326,4415)",
    "quote": "\"estaremos muy atentos a cómo se van desarrollando los acontecimientos los próximos días\"",
    "verb_index": "(4314,4321)",
    "verb": "aseguró"
  },
  {
    "quote_index": "(4503,4755)",
    "quote": "evitar la circulación, entre las diez de la mañana y las tres de la tarde, por el paseo del Prado, Cibeles, Recoletos, plaza de Colón y Castellana debido a las incidencias o cortes de tráfico que se prevén por la manifestación del sector del transporte",
    "verb_index": "(4480,4491)",
    "verb": "recomendado",
    "reference_index": "(4460,4475)",
    "reference": "Borja Carabante",
    "reference_gender": "Male",
    "speaker_index": "(4460,4475)",
    "speaker_text": "Borja Carabante"
  },
  {
    "quote_index": "(5928,6030)",
    "quote": "no se observan movimientos de piquetes, y se aprecia poco flujo de por el recinto durante la madrugada",
    "verb_index": "(5912,5920)",
    "verb": "informan",
    "reference_index": "(5899,5910)",
    "reference": "Mercamadrid",
    "reference_gender": "Unknown",
    "speaker_index": "(5899,5910)",
    "speaker_text": "Mercamadrid"
  }
]