[
  {
    "quote_index": "(303,416)",
    "quote": "\"Ha muerto Kiril Stremoúsov, vicegobernador de la región de Jersón. (...) Fue a causa de un accidente de tráfico\"",
    "verb_index": "(418,426)",
    "verb": "escribió",
    "speaker_index": "(427,438)",
    "speaker": "Petrusevich",
    "reference_index": "(282,301)",
    "reference": "Valeria Petrusevich",
    "reference_gender": "Female"
  },
  {
    "quote_index": "(946,1074)",
    "quote": "las tropas rusas repelieron un ataque ucraniano en Jersón, pese a que Kiev concentra cada vez más fuerzas militares en la región",
    "verb_index": "(933,938)",
    "verb": "habla",
    "speaker_index": "(922,932)",
    "speaker": "Stremoúsov",
    "reference_index": "(151,167)",
    "reference": "Kiril Stremoúsov",
    "reference_gender": "Male"
  }
]