[
  {
    "quote_index": "(448,605)",
    "quote": "\"Y ahora les dejamos con Ya es mediodía. Se habrán dado cuenta ustedes de que Joaquín Prat se ha cogido unos diitas, que necesitaba descansar, muy merecidos\"",
    "verb_index": "(416,425)",
    "verb": "compartió",
    "reference_index": "(398,415)",
    "reference": "Ana Rosa Quintana",
    "reference_gender": "Female",
    "speaker_index": "(398,415)",
    "speaker_text": "Ana Rosa Quintana"
  },
  {
    "quote_index": "(631,685)",
    "quote": "la sustituta del periodista iba a ser Verónica Dulanto",
    "verb_index": "(620,626)",
    "verb": "reveló",
    "speaker_index": "(615,619)",
    "speaker": "ella",
    "reference_index": "(398,415)",
    "reference": "Ana Rosa Quintana",
    "reference_gender": "Female"
  },
  {
    "quote_index": "(1305,1361)",
    "quote": "\"Estoy enamorado, pero he adelgazado desde que lo estoy\"",
    "verb_index": "(1263,1272)",
    "verb": "compartió",
    "speaker_index": "(1248,1262)",
    "speaker": "El presentador",
    "reference_index": "(105,117)",
    "reference": "Joaquín Prat",
    "reference_gender": "Male"
  },
  {
    "quote_index": "(1483,1653)",
    "quote": "\"Cuando estamos enamorados, parece que nos relajamos. Cuando empiezas la relación, te cuidas, haces deporte, quieres estar con un cuerpo lo mejor posible y más saludable\"",
    "reference_index": "(1420,1436)",
    "reference": "Conchita Vidales",
    "reference_gender": "Female",
    "speaker_index": "(1420,1436)",
    "speaker_text": "Conchita Vidales"
  },
  {
    "quote_index": "(1672,1776)",
    "quote": "el paso del tiempo lleva a las parejas a quedarse más tiempo en casa y a consumir comidas más calóricas.",
    "verb_index": "(1660,1667)",
    "verb": "destacó",
    "speaker_index": "(1655,1659)",
    "speaker": "Ella",
    "reference_index": "(1420,1436)",
    "reference": "Conchita Vidales",
    "reference_gender": "Female"
  },
  {
    "quote_index": "(1777,1838)",
    "quote": "\"Amar engorda. ¿Tú sabes lo que engorda sobre todo? Il cuore\"",
    "verb_index": "(1840,1848)",
    "verb": "concluyó",
    "speaker_index": "(1849,1853)",
    "speaker": "Prat",
    "reference_index": "(105,117)",
    "reference": "Joaquín Prat",
    "reference_gender": "Male"
  }
]