[
  {
    "quote_index": "(763,785)",
    "quote": "\"una gran oportunidad\"",
    "reference_index": "(802,820)",
    "reference": "Sebastián Molinero",
    "reference_gender": "Male",
    "speaker_index": "(802,820)",
    "speaker_text": "Sebastián Molinero",
    "trigger_index": "(787,801)",
    "trigger": "en palabras de"
  },
  {
    "quote_index": "(967,1060)",
    "quote": "una gran oportunidad que podría desaprovecharse porque \"se enfrentan a varios inconvenientes\"",
    "verb_index": "(1062,1070)",
    "verb": "advierte",
    "reference_index": "(802,820)",
    "reference": "Sebastián Molinero",
    "reference_gender": "Male"
  },
  {
    "quote_index": "(1714,2057)",
    "quote": "\"Habría sido necesario un modelo coordinado entre el Gobierno central y los gobiernos regionales para crear un marco nacional único. En Italia, desde enero de 2021 llevan trabajando con ese marco unificado, mientras que en España hay 17 marcos y no existe cultura de la rehabilitación. La gente no conoce las ayudas ni cómo puede solicitarlas\"",
    "verb_index": "(2059,2065)",
    "verb": "apunta",
    "speaker_index": "(2066,2074)",
    "speaker": "Molinero",
    "reference_index": "(802,820)",
    "reference": "Sebastián Molinero",
    "reference_gender": "Male"
  },
  {
    "quote_index": "(3386,3698)",
    "quote": "\"Nos encontramos ahora en una situación de enfriamiento de las compraventas de vivienda, un aumento de los tipos de interés, el impacto de la inflación en las familias y el descenso del ahorro embalsado. Nadie espera una recesión como en 2008 en el ladrillo, pero está por ver la profundidad de la crisis actual\"",
    "verb_index": "(3700,3705)",
    "verb": "avisa",
    "reference_index": "(802,820)",
    "reference": "Sebastián Molinero",
    "reference_gender": "Male",
    "speaker_index": "(802,820)",
    "speaker_text": "Sebastián Molinero"
  },
  {
    "quote_index": "(3726,3964)",
    "quote": "\"Si las Administraciones Públicas han tardado un año en trasponer las directivas a las comunidades autónomas, la duda es si tienen capacidad para gestionar decenas de miles de proyectos a tiempo. Hay muchos interrogantes y pocas certezas\"",
    "verb_index": "(3966,3971)",
    "verb": "añade",
    "reference_index": "(802,820)",
    "reference": "Sebastián Molinero",
    "reference_gender": "Male"
  }
]