[
  {
    "quote_index": "(494,570)",
    "quote": "\"pero una economía de mercado abierta no es una economía de mercado ingenua\"",
    "verb_index": "(572,578)",
    "verb": "afirmó",
    "reference_index": "(603,616)",
    "reference": "Robert Habeck",
    "reference_gender": "Male",
    "speaker_index": "(603,616)",
    "speaker_text": "Robert Habeck"
  },
  {
    "quote_index": "(1142,1194)",
    "quote": "225 puestos de trabajo estaban en juego en la ciudad",
    "verb_index": "(1128,1137)",
    "verb": "advertido",
    "reference_index": "(1066,1081)",
    "reference": "Thomas Westphal",
    "reference_gender": "Male",
    "speaker_index": "(1066,1081)",
    "speaker_text": "Thomas Westphal"
  },
  {
    "quote_index": "(1879,1946)",
    "quote": "\"Los sectores de producción críticos requieren especial protección\"",
    "verb_index": "(1948,1952)",
    "verb": "dijo",
    "reference_index": "(603,616)",
    "reference": "Robert Habeck",
    "reference_gender": "Male"
  },
  {
    "quote_index": "(1977,2179)",
    "quote": "China, aunque deba seguir siendo un socio comercial, tiene un enfoque estratégico deliberado en el ámbito de los semiconductores y la producción de microchips que atenta contra los intereses de Alemania",
    "verb_index": "(1966,1972)",
    "verb": "señaló",
    "speaker_index": "(1954,1965)",
    "speaker": "El ministro",
    "reference_index": "(603,616)",
    "reference": "Robert Habeck",
    "reference_gender": "Male"
  },
  {
    "quote_index": "(2208,2412)",
    "quote": "en vista de la situación geopolítica el paso adoptado por el gabinete es \"consecuente\" e instó a estar alerta ante las operaciones comerciales que esconden intereses políticos contrarios a los de Alemania",
    "verb_index": "(2181,2188)",
    "verb": "Explicó",
    "reference_index": "(603,616)",
    "reference": "Robert Habeck",
    "reference_gender": "Male"
  },
  {
    "quote_index": "(2492,2640)",
    "quote": "en particular en el sector de la producción de semiconductores es importante \"proteger la soberanía tecnológica y económica de Alemania y de Europa\"",
    "verb_index": "(2473,2480)",
    "verb": "preciso",
    "speaker_index": "(2455,2472)",
    "speaker": "el ministro verde",
    "reference_index": "(603,616)",
    "reference": "Robert Habeck",
    "reference_gender": "Male"
  },
  {
    "quote_index": "(2670,2741)",
    "quote": "la ley de comercio exterior como una espada muy afilada en este sentido",
    "verb_index": "(2661,2669)",
    "verb": "catalogó",
    "speaker_index": "(2642,2660)",
    "speaker": "El ministro Habeck",
    "reference_index": "(603,616)",
    "reference": "Robert Habeck",
    "reference_gender": "Male"
  },
  {
    "quote_index": "(2756,2792)",
    "quote": "\"seguiremos afilándola en el futuro\"",
    "verb_index": "(2744,2751)",
    "verb": "aseguró",
    "speaker_index": "(2642,2660)",
    "speaker": "El ministro Habeck",
    "reference_index": "(603,616)",
    "reference": "Robert Habeck",
    "reference_gender": "Male"
  },
  {
    "quote_index": "(2794,2867)",
    "quote": "El objetivo, es \"reducir la dependencia de Alemania en sectores críticos\"",
    "reference_index": "(603,616)",
    "reference": "Robert Habeck",
    "reference_gender": "Male"
  }
]