[
  {
    "quote_index": "(1468,1804)",
    "quote": "Ante «la presencia cada vez mayor entre los nuevos hogares [opción de dos de cada tres nuevos hogares]» del régimen de arrendamiento, «paralela a un peso también creciente en la renta de los gastos de alquiler, es previsible que este efecto amortiguador de la desigualdad asociado con la propiedad vaya reduciéndose de forma sustancial»",
    "verb_index": "(1806,1813)",
    "verb": "explica",
    "speaker_index": "(1814,1819)",
    "speaker": "Fedea",
    "reference_index": "(670,723)",
    "reference": "La Fundación de Estudios de Economía Aplicada (Fedea)",
    "reference_gender": "Unknown"
  },
  {
    "quote_index": "(2218,2437)",
    "quote": "«Las exigentes condiciones económicas de acceso a la vivienda, especialmente para los jóvenes, nos lleva a suponer que una parte muy importante de los nuevos hogares acceden a su primera vivienda en régimen de alquiler»",
    "verb_index": "(2439,2445)",
    "verb": "señala",
    "reference_index": "(2467,2480)",
    "reference": "Jorge Onrubia",
    "reference_gender": "Male"
  },
  {
    "quote_index": "(2967,3310)",
    "quote": "«Los hogares con vivienda en propiedad son cada vez más maduros, mayores, y los jóvenes pesan menos. Además, en el total de los hogares con vivienda en propiedad el pago de los intereses en las hipotecas es cada vez menor, lo que evidencia que las hipotecas no son recientes. Y de forma paralela a todo ello, el alquiler medio ha ido subiendo»",
    "verb_index": "(3312,3318)",
    "verb": "resume",
    "speaker_index": "(3329,3336)",
    "speaker": "Onrubia"
  }
]