[
  {
    "quote_index": "(1054,1095)",
    "quote": "La candidata va a ser una gran alcaldesa\"",
    "verb_index": "(1097,1102)",
    "verb": "lanzó",
    "reference_index": "(326,337)",
    "reference": "Juan Lobato",
    "reference_gender": "Male"
  },
  {
    "quote_index": "(1155,1307)",
    "quote": "\"Lleva semanas formando un equipazo y, sobre todo, se va a centrar en limpiar la ciudad, en gestionarla con orden, y en que haya un proyecto de ilusión\"",
    "verb_index": "(1309,1315)",
    "verb": "añadía",
    "reference_index": "(326,337)",
    "reference": "Juan Lobato",
    "reference_gender": "Male"
  },
  {
    "quote_index": "(1456,1505)",
    "quote": "Unos días antes de ese 21-N, \"ella misma lo dirá\"",
    "reference_index": "(326,337)",
    "reference": "Juan Lobato",
    "reference_gender": "Male"
  },
  {
    "quote_index": "(1756,1917)",
    "quote": "\"Siempre es posible que haya primarias. Es verdad que en las últimas, en las que yo me presenté, no hubo más candidatos, pero podría haberlos. Es lo más natural\"",
    "verb_index": "(1919,1925)",
    "verb": "añadía",
    "speaker_index": "(1926,1932)",
    "speaker": "Lobato",
    "reference_index": "(326,337)",
    "reference": "Juan Lobato",
    "reference_gender": "Male"
  },
  {
    "quote_index": "(2124,2481)",
    "quote": "\"Hasta donde yo sé, no hay ninguna oficialidad aún en el nombre de Reyes Maroto. Habrá un proceso en primarias, en mi partido, los candidatos se eligen en ese proceso, y, en cualquier caso, es algo que está gestionando el PSOE de Madrid, y estoy segura de que los militantes de mi partido elegirán a la mejor candidata o candidato posible en unas primarias\"",
    "verb_index": "(2483,2492)",
    "verb": "reconocía",
    "speaker_index": "(2493,2532)",
    "speaker": "la actual portavoz socialista municipal",
    "reference_index": "(1007,1018)",
    "reference": "Mar Espinar",
    "reference_gender": "Female"
  },
  {
    "quote_index": "(2534,2634)",
    "quote": "\"Desde luego Mar Espinar tiene un papel importantísimo en el futuro del socialismo madrileño, claro\"",
    "verb_index": "(2636,2639)",
    "verb": "era",
    "speaker_index": "(2653,2659)",
    "speaker": "Lobato",
    "reference_index": "(326,337)",
    "reference": "Juan Lobato",
    "reference_gender": "Male"
  },
  {
    "quote_index": "(2755,3023)",
    "quote": "\"Yo ahora mismo estoy dedicada a Madrid, a estar en sus calles, a estar con sus vecinos, a tratar de solucionar los problemas de la gente. Creo, además, que el grupo municipal socialista está haciendo un buen trabajo. Llevamos tres encuestas seguidas que así lo avalan",
    "verb_index": "(3026,3034)",
    "verb": "sostenía",
    "reference_index": "(1007,1018)",
    "reference": "Mar Espinar",
    "reference_gender": "Female"
  },
  {
    "quote_index": "(3176,3319)",
    "quote": "\"Espero que se resuelva la incógnita cuanto antes porque la izquierda necesita todas las fuerzas para dar un vuelco al nefasto gobierno del PP\"",
    "reference_index": "(3162,3174)",
    "reference": "Rita Maestre",
    "reference_gender": "Female",
    "speaker_index": "(3162,3174)",
    "speaker_text": "Rita Maestre"
  },
  {
    "quote_index": "(3398,3512)",
    "quote": "\"Me da bastante pena que no se reconozca nunca el trabajo por parte de los socialistas del Ayuntamiento de Madrid\"",
    "verb_index": "(3366,3372)",
    "verb": "valoró",
    "reference_index": "(3345,3360)",
    "reference": "Begoña Villacís",
    "reference_gender": "Female",
    "speaker_index": "(3345,3360)",
    "speaker_text": "Begoña Villacís"
  },
  {
    "quote_index": "(3633,3648)",
    "quote": "\"Es un sainete\"",
    "reference_index": "(3536,3562)",
    "reference": "José Luis Martínez-Almeida",
    "reference_gender": "Male",
    "speaker_index": "(3536,3562)",
    "speaker_text": "José Luis Martínez-Almeida"
  }
]