[
  {
    "quote_index": "(1708,1730)",
    "quote": "revertir esa situación",
    "verb_index": "(1699,1707)",
    "verb": "prometió",
    "reference_index": "(1684,1697)",
    "reference": "Mariano Rajoy",
    "reference_gender": "Male",
    "speaker_index": "(1684,1697)",
    "speaker_text": "Mariano Rajoy"
  },
  {
    "quote_index": "(2258,2424)",
    "quote": "se recupere parcialmente la deducción ante la subida de los tipos de interés, el encarecimiento de las hipotecas y el empobrecimiento que están sufriendo las familias",
    "verb_index": "(2244,2253)",
    "verb": "propuesto",
    "reference_index": "(2220,2240)",
    "reference": "Alberto Núñez Feijóo",
    "reference_gender": "Male",
    "speaker_index": "(2220,2240)",
    "speaker_text": "Alberto Núñez Feijóo"
  },
  {
    "quote_index": "(2521,2872)",
    "quote": "«La deducción por compra de vivienda para hipotecas ya firmadas tendría un carácter temporal de dos años; alcanzaría a rentas de hasta 40.000 euros ampliable hasta los 60.000; se calcularía sobre un 5% del capital, un 15% de los intereses con un límite en la base de 5.000 euros que representa una deducción máxima de 750 euros por familia y vivienda»",
    "verb_index": "(2874,2884)",
    "verb": "desarrolló",
    "reference_index": "(2478,2488)",
    "reference": "Juan Bravo",
    "reference_gender": "Male"
  },
  {
    "quote_index": "(2904,3006)",
    "quote": "se facilite «la negociación para el alargamiento de la vida útil de las hipotecas para bajar la cuota»",
    "verb_index": "(2894,2899)",
    "verb": "pidió",
    "reference_index": "(2478,2488)",
    "reference": "Juan Bravo",
    "reference_gender": "Male"
  }
]