[
  {
    "quote_index": "(1940,2234)",
    "quote": "“el alumnado socialmente desfavorecido tiene menos oportunidades culturales y sus familias menos capacidad para ofrecer ayuda directa, proporcionar un entorno académicamente estimulante o disponer de gastos privados en forma de actividades de refuerzo y enriquecimiento en horario extraescolar”",
    "verb_index": "(2236,2243)",
    "verb": "explica",
    "reference_index": "(2244,2257)",
    "reference": "Álvaro Ferrer",
    "reference_gender": "Male",
    "speaker_index": "(2244,2257)",
    "speaker_text": "Álvaro Ferrer"
  },
  {
    "quote_index": "(2313,2445)",
    "quote": "Sin embargo, no está ocurriendo, añade Ferrer, a pesar de que ese criterio está claramente incluido en la ley (la Lomloe) desde 2020",
    "verb_index": "(2346,2351)",
    "verb": "añade",
    "speaker_index": "(2352,2358)",
    "speaker": "Ferrer"
  },
  {
    "quote_index": "(2473,2747)",
    "quote": "mientras “el indicador de pobreza o exclusión social llega a más del 30%”, y al menos un 9% sufre carencias materiales, el porcentaje medio nacional de identificación de alumnado con necesidades de refuerzo educativo apenas supone el 2,7% en primaria y el 2,9% en secundaria",
    "verb_index": "(2749,2756)",
    "verb": "detalla",
    "reference_index": "(2244,2257)",
    "reference": "Álvaro Ferrer",
    "reference_gender": "Male"
  },
  {
    "quote_index": "(2758,2970)",
    "quote": "Las consecuencias, señala Ferrer, son muy graves, puesto que, si no se detecta a este estudiantado, es difícil hacer políticas de escolarización equilibrada y garantizar el seguimiento pedagógico de estos alumnos",
    "verb_index": "(2777,2783)",
    "verb": "señala",
    "speaker_index": "(2784,2790)",
    "speaker": "Ferrer",
    "reference_index": "(2244,2257)",
    "reference": "Álvaro Ferrer",
    "reference_gender": "Male"
  },
  {
    "quote_index": "(2994,3114)",
    "quote": "uno de los grandes problemas es que la ley “no hace una definición concreta de qué es la vulnerabilidad socioeducativa”.",
    "speaker_index": "(2977,2992)",
    "speaker": "el especialista",
    "reference_index": "(2244,2257)",
    "reference": "Álvaro Ferrer",
    "reference_gender": "Male",
    "trigger_index": "(2972,2976)",
    "trigger": "Para"
  },
  {
    "quote_index": "(5768,5855)",
    "quote": "Otras comunidades, detalla Ferrer, como Cataluña o País Vasco, tienen índices similares",
    "verb_index": "(5787,5794)",
    "verb": "detalla",
    "speaker_index": "(5795,5801)",
    "speaker": "Ferrer",
    "reference_index": "(2244,2257)",
    "reference": "Álvaro Ferrer",
    "reference_gender": "Male"
  },
  {
    "quote_index": "(6979,7415)",
    "quote": "se trata de un problema que trasciende las lenguas cooficiales, según Ferrer, que apunta que en la Comunidad de Madrid está sucediendo lo mismo con el inglés: “En las escuelas que no son bilingües, que son en castellano, se está acumulando el alumnado inmigrante y de bajo nivel económico. Si no hay medidas correctoras, es un patrón que se da con mucha claridad. En general, los modelos lingüísticos influyen en la segregación escolar”",
    "speaker_index": "(7049,7055)",
    "speaker": "Ferrer",
    "reference_index": "(2244,2257)",
    "reference": "Álvaro Ferrer",
    "reference_gender": "Male",
    "trigger_index": "(7043,7048)",
    "trigger": "según"
  }
]