[
  {
    "quote_index": "(499,680)",
    "quote": "“Ambas partes se pusieron formalmente de acuerdo sobre un cese de hostilidades, así como sobre un proceso de desarme metódico, ordenado, fluido y coordinado” de las fuerzas rebeldes",
    "verb_index": "(682,689)",
    "verb": "aseguró",
    "reference_index": "(773,790)",
    "reference": "Olusegun Obasanjo",
    "reference_gender": "Male",
    "speaker_index": "(773,790)",
    "speaker_text": "Olusegun Obasanjo"
  },
  {
    "quote_index": "(1065,1116)",
    "quote": "“No es el fin del proceso de paz, sino su comienzo”",
    "verb_index": "(1118,1126)",
    "verb": "advirtió",
    "speaker_index": "(1127,1135)",
    "speaker": "Obasanjo",
    "reference_index": "(773,790)",
    "reference": "Olusegun Obasanjo",
    "reference_gender": "Male"
  },
  {
    "quote_index": "(1941,2029)",
    "quote": "En estos dos años, el conflicto ha dejado miles de muertos y dos millones de desplazados",
    "reference_index": "(2037,2052)",
    "reference": "Naciones Unidas",
    "reference_gender": "Unknown",
    "speaker_index": "(2037,2052)",
    "speaker_text": "Naciones Unidas",
    "trigger_index": "(2031,2036)",
    "trigger": "según"
  },
  {
    "quote_index": "(2794,2844)",
    "quote": "al “respeto de la letra y el espíritu” del acuerdo",
    "verb_index": "(2782,2793)",
    "verb": "comprometió",
    "speaker_index": "(2771,2778)",
    "speaker": "Hussein",
    "reference_index": "(2619,2633)",
    "reference": "Redwan Hussein",
    "reference_gender": "Male"
  },
  {
    "quote_index": "(2873,3003)",
    "quote": "“Solo nuestra determinación colectiva impedirá a los perturbadores, incluidos aquellos en nuestras propias filas, destruir la paz”",
    "verb_index": "(2864,2871)",
    "verb": "aseguró",
    "speaker_index": "(2859,2863)",
    "speaker": "Reda",
    "reference_index": "(2698,2711)",
    "reference": "Getachew Reda",
    "reference_gender": "Male"
  },
  {
    "quote_index": "(3628,3929)",
    "quote": "“El acuerdo firmado en Sudáfrica es fundamental a la hora de hacer avanzar a Etiopía por el camino de las reformas que hemos emprendido hace cuatro años y medio. Nuestro compromiso con la paz se mantiene firme. Y nuestro compromiso de colaborar para la implementación del acuerdo es igualmente fuerte”",
    "verb_index": "(3617,3626)",
    "verb": "manifestó",
    "speaker_index": "(3611,3616)",
    "speaker": "Ahmed",
    "reference_index": "(1722,1732)",
    "reference": "Abiy Ahmed",
    "reference_gender": "Male"
  },
  {
    "quote_index": "(3990,4380)",
    "quote": "“hacer la paz ha resultado más difícil y escurridizo que dirigir el asesinato de mujeres y niños y la destrucción de bienes. La guerra de los últimos dos años se ha cobrado la vida de cientos de miles de personas, ha convertido a Etiopía, que una vez estuvo en la cima de un gran progreso económico, en una mala parodia de sí mismo y ha causado un sufrimiento tremendo a la gente de Tigray”",
    "verb_index": "(3979,3985)",
    "verb": "añadió",
    "reference_index": "(2698,2711)",
    "reference": "Getachew Reda",
    "reference_gender": "Male",
    "speaker_index": "(2698,2711)",
    "speaker_text": "Getachew Reda"
  },
  {
    "quote_index": "(4536,4560)",
    "quote": "“primer paso bienvenido”",
    "verb_index": "(4524,4532)",
    "verb": "calificó",
    "reference_index": "(4503,4519)",
    "reference": "António Guterres",
    "reference_gender": "Male",
    "speaker_index": "(4503,4519)",
    "speaker_text": "António Guterres"
  },
  {
    "quote_index": "(4614,4749)",
    "quote": "“Esperamos que [el acuerdo] podrá aportar un poco de consuelo a los millones de civiles etíopes que han sufrido durante este conflicto”",
    "verb_index": "(4606,4612)",
    "verb": "añadió",
    "reference_index": "(4587,4604)",
    "reference": "Stéphane Dujarric",
    "reference_gender": "Female",
    "speaker_index": "(4587,4604)",
    "speaker_text": "Stéphane Dujarric"
  },
  {
    "quote_index": "(4789,4819)",
    "quote": "“paso importante hacia la paz”",
    "verb_index": "(4827,4834)",
    "verb": "expresó",
    "reference_index": "(4894,4903)",
    "reference": "Ned Price",
    "reference_gender": "Male",
    "speaker_index": "(4894,4903)",
    "speaker_text": "Ned Price"
  },
  {
    "quote_index": "(4995,5014)",
    "quote": "“excelente noticia”",
    "verb_index": "(4983,4991)",
    "verb": "calificó",
    "reference_index": "(4942,4952)",
    "reference": "Macky Sall",
    "reference_gender": "Male",
    "speaker_index": "(4942,4952)",
    "speaker_text": "Macky Sall"
  },
  {
    "quote_index": "(5055,5102)",
    "quote": "“perseverar en el camino de una paz permanente”",
    "verb_index": "(5017,5022)",
    "verb": "animó",
    "reference_index": "(4942,4952)",
    "reference": "Macky Sall",
    "reference_gender": "Male",
    "speaker_index": "(4942,4952)",
    "speaker_text": "Macky Sall"
  },
  {
    "quote_index": "(5370,5571)",
    "quote": "“es necesaria una rápida aplicación sobre el terreno del acuerdo. La prioridad es reanudar el acceso humanitario en todas las áreas afectadas y restaurar los servicios básicos, en particular en Tigray”",
    "verb_index": "(5335,5342)",
    "verb": "aseguró",
    "reference_index": "(5320,5333)",
    "reference": "Josep Borrell",
    "reference_gender": "Male",
    "speaker_index": "(5320,5333)",
    "speaker_text": "Josep Borrell"
  }
]