[
  {
    "quote_index": "(3360,3398)",
    "quote": "a Maduro le quedaban horas en el poder",
    "verb_index": "(3320,3328)",
    "verb": "declarar",
    "reference_index": "(3233,3243)",
    "reference": "Iván Duque",
    "reference_gender": "Male"
  },
  {
    "quote_index": "(3663,3810)",
    "quote": "los partidos opositores discuten la manera de terminar esta experiencia sin que la circunstancia se traduzca en costos políticos demasiado onerosos",
    "verb_index": "(3652,3658)",
    "verb": "afirmó",
    "reference_index": "(3573,3588)",
    "reference": "Roberto Marrero",
    "reference_gender": "Male",
    "speaker_index": "(3573,3588)",
    "speaker_text": "Roberto Marrero"
  },
  {
    "quote_index": "(4815,4854)",
    "quote": "ser el presidente legítimo de Venezuela",
    "verb_index": "(4810,4814)",
    "verb": "dice",
    "speaker_index": "(4803,4809)",
    "speaker": "Guaidó",
    "reference_index": "(321,332)",
    "reference": "Juan Guaidó",
    "reference_gender": "Male"
  },
  {
    "quote_index": "(5050,5097)",
    "quote": "“Maduro, pon la fecha, que te vamos a derrotar”",
    "verb_index": "(5099,5103)",
    "verb": "dijo",
    "reference_index": "(321,332)",
    "reference": "Juan Guaidó",
    "reference_gender": "Male"
  },
  {
    "quote_index": "(5105,5138)",
    "quote": "“Esa fecha no va a ser un regalo”",
    "verb_index": "(5140,5148)",
    "verb": "continuó",
    "reference_index": "(321,332)",
    "reference": "Juan Guaidó",
    "reference_gender": "Male"
  },
  {
    "quote_index": "(5170,5378)",
    "quote": "“Por más que la dictadura hable con soberbia de que las convocará en 2024, o antes. Sabemos que esto es una dictadura, sabemos que nada va a ser concedido. Tenemos que salir a la calle a luchar por esa fecha”",
    "reference_index": "(321,332)",
    "reference": "Juan Guaidó",
    "reference_gender": "Male"
  },
  {
    "quote_index": "(5949,6128)",
    "quote": "Lo que nunca va a ocurrir, afirma Yon Goicoechea, del partido Voluntad Popular, es que esta quede disuelta, o que la Asamblea Nacional electa en 2015 sea relegada en sus funciones",
    "verb_index": "(5976,5982)",
    "verb": "afirma",
    "reference_index": "(5983,5997)",
    "reference": "Yon Goicoechea",
    "reference_gender": "Male",
    "speaker_index": "(5983,5997)",
    "speaker_text": "Yon Goicoechea"
  },
  {
    "quote_index": "(6130,6344)",
    "quote": "“No tiene sentido violar las normas de la institución que uno defiende. Sin presidencia interina se pierden los activos nacionales en el exterior. Nosotros no le vamos a regalar a Maduro legitimidad internacional.”",
    "reference_index": "(5983,5997)",
    "reference": "Yon Goicoechea",
    "reference_gender": "Male"
  },
  {
    "quote_index": "(6399,6470)",
    "quote": "“Es una locura regalarle legitimidad y reconocimiento a Nicolás Maduro”",
    "verb_index": "(6472,6480)",
    "verb": "continúa",
    "speaker_index": "(6481,6491)",
    "speaker": "Goicoechea",
    "reference_index": "(5983,5997)",
    "reference": "Yon Goicoechea",
    "reference_gender": "Male"
  },
  {
    "quote_index": "(6493,6601)",
    "quote": "“Ha costado mucha sangre y sudor que el mundo entienda que es un dictador. Nosotros no lo vamos a blanquear”",
    "reference_index": "(5983,5997)",
    "reference": "Yon Goicoechea",
    "reference_gender": "Male"
  },
  {
    "quote_index": "(7112,7195)",
    "quote": "esas elecciones podrían adelantarse, incluso antes de las primarias de la oposición",
    "verb_index": "(7098,7107)",
    "verb": "advertido",
    "reference_index": "(7043,7059)",
    "reference": "Diosdado Cabello",
    "reference_gender": "Male",
    "speaker_index": "(7043,7059)",
    "speaker_text": "Diosdado Cabello"
  }
]