[
  {
    "quote_index": "(207,478)",
    "quote": "“En la música no está todo inventado. Llegarán nuevas tecnologías, saldrán más artistas capaces de sorprendernos… Hay muchas fusiones por ver aún. Los géneros musicales [tradicionales] están desapareciendo y toda la culpa es de Rosalía, que supo poner en valor la mezcla”",
    "verb_index": "(483,491)",
    "verb": "afirmado",
    "speaker_index": "(514,563)",
    "speaker": "la directora de la empresa Lionfish Entertainment",
    "reference_index": "(18,29)",
    "reference": "Rebeca León",
    "reference_gender": "Female"
  },
  {
    "quote_index": "(756,832)",
    "quote": "“poner un foco de luz” para guiar la carrera de “la mejor artista del mundo”",
    "verb_index": "(747,751)",
    "verb": "tuvo",
    "reference_index": "(18,29)",
    "reference": "Rebeca León",
    "reference_gender": "Female"
  },
  {
    "quote_index": "(924,1032)",
    "quote": "es “un gran ejemplo de mujer que se arriesga muchísimo y está abriendo los ojos a muchos artistas del mundo”",
    "verb_index": "(910,919)",
    "verb": "asegurado",
    "reference_index": "(18,29)",
    "reference": "Rebeca León",
    "reference_gender": "Female"
  },
  {
    "quote_index": "(1139,1231)",
    "quote": "el secreto del éxito está en el “talento” y en “acertar con las herramientas para comunicar”",
    "verb_index": "(1125,1134)",
    "verb": "destacado",
    "speaker_index": "(1117,1121)",
    "speaker": "León",
    "reference_index": "(18,29)",
    "reference": "Rebeca León",
    "reference_gender": "Female"
  },
  {
    "quote_index": "(1298,1518)",
    "quote": "“Ella es muy potente, muy visual, tiene mucha fuerza. Cuando la ves actuar te das cuenta de que es única. Tiene mucha visión para el espectáculo y una habilidad especial para presentar sus trabajos en las redes sociales”",
    "reference_index": "(18,29)",
    "reference": "Rebeca León",
    "reference_gender": "Female"
  },
  {
    "quote_index": "(2229,2513)",
    "quote": "“Para triunfar, hay que saber nadar en lo gris. No todo es blanco o negro en la música”, ha dicho: “Si hay talento y se tienen los objetivos claros, las oportunidades llegarán. Después, solo se necesita un buen equipo. No hay que olvidarse que esto de la música también es un negocio”",
    "verb_index": "(2321,2326)",
    "verb": "dicho",
    "reference_index": "(18,29)",
    "reference": "Rebeca León",
    "reference_gender": "Female"
  },
  {
    "quote_index": "(2709,2909)",
    "quote": "El grupo que sigue ahora a la cantante catalana se ha ido ampliando con el tiempo con publicistas, agentes de su sello discográfico y asesores para atender a “un proyecto musical completamente global”",
    "verb_index": "(2920,2929)",
    "verb": "comentado",
    "speaker_index": "(2930,3017)",
    "speaker": "la mánager de estrellas de la música latina como J. Balvin, Juanes y Ozuna, entre otros",
    "reference_index": "(18,29)",
    "reference": "Rebeca León",
    "reference_gender": "Female"
  },
  {
    "quote_index": "(3019,3516)",
    "quote": "Rosalía debe ser un ejemplo de que las mujeres, ha opinado León, deben tener una mayor presencia en puestos de dirección, productoras, las ingenierías de sonido… “Los hombres han sido educados para no tener miedo; las mujeres, para ser perfectas. Las mujeres tenemos que aprender a no tener miedo al fracaso, a no ser perfectas y a asumir más riesgos, como hacen los hombres”, ha comentado tras poner como ejemplo de esa lucha a Rosalía: “Todas tenemos que pensar que si ella puede, por qué yo no”",
    "verb_index": "(3070,3077)",
    "verb": "opinado",
    "speaker_index": "(3078,3082)",
    "speaker": "León",
    "reference_index": "(18,29)",
    "reference": "Rebeca León",
    "reference_gender": "Female"
  },
  {
    "quote_index": "(3594,3872)",
    "quote": "el diálogo permanente con los seguidores. “Ese feedback no existía antes. Antes había una magia porque los artistas eran inalcanzables. Ya no existe eso. Ahora, el público quiere que el artista sea real, y auténtico. No hay barreras. La comunicación cero con el fan no funciona”",
    "verb_index": "(3584,3593)",
    "verb": "defendido",
    "speaker_index": "(3576,3580)",
    "speaker": "León",
    "reference_index": "(18,29)",
    "reference": "Rebeca León",
    "reference_gender": "Female"
  },
  {
    "quote_index": "(4001,4157)",
    "quote": "la capacidad que está teniendo Rosalía para comunicar sus trabajos: “TikTok ha sido de lo más influyente en la música y es un socio increíble para nosotros”",
    "verb_index": "(3989,4000)",
    "verb": "distinguido",
    "reference_index": "(18,29)",
    "reference": "Rebeca León",
    "reference_gender": "Female"
  }
]