[
  {
    "quote_index": "(667,1174)",
    "quote": "“He intentado recuperar lo que sucedió en la guerra germano-soviética”, dice Núñez Seixas, “la lucha a muerte entre dos dictaduras totalitarias en un marco inmenso e inhóspito, con millones de muertos (el mayor conflicto terrestre de la historia), y ver qué memoria, pública y social, ha quedado de todo aquello en los distintos países que padecieron sus efectos”. El Holocausto tuvo lugar en esas tierras y “pudo ponerse en marcha porque antes el Tercer Reich se aseguró el control de un amplio territorio”",
    "verb_index": "(739,743)",
    "verb": "dice",
    "speaker_index": "(744,756)",
    "speaker": "Núñez Seixas",
    "reference_index": "(209,233)",
    "reference": "Xosé Manoel Núñez Seixas",
    "reference_gender": "Male"
  },
  {
    "quote_index": "(1754,2222)",
    "quote": "“En Alemania ha quedado un profundo sentimiento de culpa. Durante mucho tiempo los alemanes se percibieron como víctimas por partida doble, por haber padecido el nazismo (visto como una minoría de líderes lunáticos) y por haber tenido que cargar con su derrota contra un enemigo terrible y poco civilizado. En Rusia, en cambio, lo que se percibe es un orgullo colectivo, y se sigue viendo con buenos ojos el enorme sacrificio que hizo el pueblo para derrotar a Hitler”",
    "speaker_index": "(1740,1752)",
    "speaker": "Núñez Seixas",
    "reference_index": "(209,233)",
    "reference": "Xosé Manoel Núñez Seixas",
    "reference_gender": "Male"
  },
  {
    "quote_index": "(2340,2567)",
    "quote": "Putin no es una excepción y se sirve de ella, explica Núñez Seixas, “para construir una dictadura soft, una democracia iliberal con predominio del poder ejecutivo, control del legislativo y ninguna autonomía del poder judicial”",
    "verb_index": "(2386,2393)",
    "verb": "explica",
    "speaker_index": "(2394,2406)",
    "speaker": "Núñez Seixas",
    "reference_index": "(209,233)",
    "reference": "Xosé Manoel Núñez Seixas",
    "reference_gender": "Male"
  },
  {
    "quote_index": "(2778,3118)",
    "quote": "“Cuando en 1993 Putin fue visitado en San Petersburgo por una delegación extranjera, no tuvo empacho en reconocer que lo que le hacía falta a Rusia era un régimen como el de Pinochet en Chile. Sin seguridad jurídica, mano dura porque los rusos eran muy levantiscos y capacidad de hacer negocios para garantizar la transición al capitalismo”",
    "verb_index": "(2770,2776)",
    "verb": "matiza",
    "speaker_index": "(2755,2769)",
    "speaker": "el historiador",
    "reference_index": "(209,233)",
    "reference": "Xosé Manoel Núñez Seixas",
    "reference_gender": "Male"
  },
  {
    "quote_index": "(3305,4449)",
    "quote": "“La memoria cambia permanentemente, pero también las maneras de mirar el pasado y, por lo tanto, la historia y sus interpretaciones. Yo estoy ahí con Tzvetan Todorov, el autor francobúlgaro. Hay colegas que piensan de otra manera, defienden que la memoria es historia, y viceversa. O que, en el fondo, la historia no es más que un relato que tiene la misma legitimidad que la memoria. Yo sigo pensando, en cambio, que es un relato crítico sobre el pasado, elaborado con fuentes y con métodos y con un marco teórico coherente. Y que sabe que en el pasado hay gamas de grises, que rara vez te encuentras blancos y negros. La gradación entre esos grises es el gran desafío. Por el contrario, la memoria no es crítica, es un discurso sobre el pasado que establece verdades absolutas (lo que hay que conmemorar, lo que es ejemplar para la comunidad y debe ser perpetuado). La memoria sacraliza y, por tanto, depende de equilibrios políticos y, aunque pueda partir de una sólida base histórica, siempre simplifica los matices. A mis alumnos siempre les digo que nuestra labor es siempre ingrata, siempre le vamos a estar tocando las narices al poder”",
    "speaker_index": "(3291,3303)",
    "speaker": "Núñez Seixas",
    "reference_index": "(209,233)",
    "reference": "Xosé Manoel Núñez Seixas",
    "reference_gender": "Male"
  },
  {
    "quote_index": "(4571,4765)",
    "quote": "el aprendizaje del alemán le facilitó dedicarse a los asuntos de los que se ha ocupado principalmente: nacionalismos, construcción de identidades, la memoria de pasados violentos y de dictaduras",
    "verb_index": "(4560,4566)",
    "verb": "Cuenta",
    "reference_index": "(209,233)",
    "reference": "Xosé Manoel Núñez Seixas",
    "reference_gender": "Male"
  },
  {
    "quote_index": "(5054,5774)",
    "quote": "“En la segunda mitad de los ochenta”, explica, “el nacionalismo gallego estaba en el ambiente estudiantil y, llevado por las pasiones que había alrededor, y que en parte compartí durante un tiempo, me empecé a interesar en esta cuestión (ahora soy más descreído de todo). Hice mi tesis en Florencia sobre las minorías nacionales en el periodo de entreguerras. Hubo algunos momentos que fueron decisivos: estando de viaje en 1986 en Brasov (Rumania, en la zona de Transilvania), con 20 años, conocí a unos rumanos que resultó que no eran rumanos: con mucho orgullo uno me dijo que era alemán y el otro, que era húngaro. Y me contaron sus historias, y empecé a comprender que aquello de las identidades era muy complicado”",
    "verb_index": "(5092,5099)",
    "verb": "explica",
    "reference_index": "(209,233)",
    "reference": "Xosé Manoel Núñez Seixas",
    "reference_gender": "Male"
  },
  {
    "quote_index": "(6173,6242)",
    "quote": "“Los países del Este han vivido durante 50 años una memoria impuesta”",
    "verb_index": "(6244,6248)",
    "verb": "dice",
    "speaker_index": "(6249,6261)",
    "speaker": "Núñez Seixas",
    "reference_index": "(209,233)",
    "reference": "Xosé Manoel Núñez Seixas",
    "reference_gender": "Male"
  },
  {
    "quote_index": "(6285,6406)",
    "quote": "“En Auschwitz, durante el periodo comunista, no había ni una lápida que recordara a los judíos de manera individualizada”",
    "verb_index": "(6408,6415)",
    "verb": "comenta",
    "reference_index": "(209,233)",
    "reference": "Xosé Manoel Núñez Seixas",
    "reference_gender": "Male"
  },
  {
    "quote_index": "(6433,6559)",
    "quote": "“Los monumentos a los soldados soviéticos fueron en la República Democrática Alemana considerados monumentos a los violadores”",
    "reference_index": "(209,233)",
    "reference": "Xosé Manoel Núñez Seixas",
    "reference_gender": "Male"
  },
  {
    "quote_index": "(6561,6746)",
    "quote": "“El abuelo que regresaba a casa después de luchar contra los nazis era considerado un héroe: las medallas que recibía compensaban que la familia hubiera sido antes reprimida por Stalin”",
    "verb_index": "(6748,6754)",
    "verb": "apunta",
    "reference_index": "(209,233)",
    "reference": "Xosé Manoel Núñez Seixas",
    "reference_gender": "Male"
  },
  {
    "quote_index": "(6756,6995)",
    "quote": "“Durante los años 80 resurgieron otras memorias y una nueva generación confundió la disidencia con el régimen soviético con la recuperación y blanqueamiento de personajes dudosos, como Stepán Bandera, que en Ucrania colaboró con los nazis”",
    "reference_index": "(209,233)",
    "reference": "Xosé Manoel Núñez Seixas",
    "reference_gender": "Male"
  },
  {
    "quote_index": "(7114,7147)",
    "quote": "“Las historias se van acomodando”",
    "verb_index": "(7149,7156)",
    "verb": "comenta",
    "speaker_index": "(7157,7171)",
    "speaker": "el historiador"
  },
  {
    "quote_index": "(7173,7398)",
    "quote": "“El régimen fue malo, dicen los alemanes, la guerra fue mala, tenemos una culpa colectiva, pero los nuestros fueron obligados y se comportaron con decencia. Los nazis siempre son los del pueblo de al lado: ¿Adolf, qué Adolf?”",
    "reference_index": "(209,233)",
    "reference": "Xosé Manoel Núñez Seixas",
    "reference_gender": "Male"
  },
  {
    "quote_index": "(7455,7556)",
    "quote": "“Hay, en fin, una diferencia clara. Los vencidos recrean a las víctimas; los ganadores, a los héroes”",
    "reference_index": "(209,233)",
    "reference": "Xosé Manoel Núñez Seixas",
    "reference_gender": "Male"
  },
  {
    "quote_index": "(7735,8387)",
    "quote": "“El estalinismo, una versión del comunismo”, explica el historiador, “pretendió imponer un sistema político y económico que acabase en una plena igualdad social (funcionara esta al final o no), y puso en marcha una gigantesca ingeniería social para conseguirlo con métodos enormemente violentos, que costaron millones de vidas, pues los bolcheviques habían heredado esas prácticas de la guerra civil rusa. El Tercer Reich procuró construir una sociedad racial de la que por principio se excluían distintos grupos de población, a los que definían por criterios biológico-genéticos y por ser sanos, y a los que había que expulsar y a la larga exterminar”",
    "verb_index": "(7780,7787)",
    "verb": "explica",
    "speaker_index": "(7788,7802)",
    "speaker": "el historiador",
    "reference_index": "(209,233)",
    "reference": "Xosé Manoel Núñez Seixas",
    "reference_gender": "Male"
  },
  {
    "quote_index": "(8429,8572)",
    "quote": "“Había ya un millón de personas en el Gulag frente las 100.000 que los nazis también pretendían ‘reeducar’ entonces en campos de concentración”",
    "reference_index": "(209,233)",
    "reference": "Xosé Manoel Núñez Seixas",
    "reference_gender": "Male"
  },
  {
    "quote_index": "(8609,8754)",
    "quote": "“El Tercer Reich la aprovechó para dominar amplias áreas geográficas en las que procedió a exterminar a judíos, romaníes, y parte de los eslavos”",
    "reference_index": "(209,233)",
    "reference": "Xosé Manoel Núñez Seixas",
    "reference_gender": "Male"
  },
  {
    "quote_index": "(8756,8870)",
    "quote": "“No hay que olvidar, de todas formas, que existieron otros infaustos proyectos que llenaron el mundo de cadáveres”",
    "verb_index": "(8872,8879)",
    "verb": "comenta",
    "speaker_index": "(8880,8892)",
    "speaker": "Núñez Seixas",
    "reference_index": "(209,233)",
    "reference": "Xosé Manoel Núñez Seixas",
    "reference_gender": "Male"
  },
  {
    "quote_index": "(8894,10207)",
    "quote": "“El Gran Salto Adelante que proyectó Mao mató a más de 20 millones de chinos. Y ahí está también el sanguinario régimen de Pol Pot en Camboya. Lo que sí tuvo claro siempre el nacionalsocialismo, y lo hizo explícito, fueron los grupos que quería eliminar por motivos raciales: los judíos, los que tuvieran alguna discapacidad congénita o hereditaria, los romaníes… El estalinismo procedía de manera en apariencia más arbitraria, pretendía ‘reeducar’ a parte de la población, eliminar grupos sociales (como los ‘kulaks’ o campesinos propietarios), y no tenía reparos en aniquilar a quienes entorpeciesen sus planes de ingeniería social, sin reparo de ningún tipo. Un ejemplo fue la cadena de decisiones que llevó a la gigantesca hambruna en Ucrania de 1933, el Holodomor, en el que perecieron millones de campesinos en las zonas central y oriental. Las lógicas asesinas de la violencia de masas del nazismo y el estalinismo eran distintas; pero, como una vez me comentó un historiador báltico, a él poco le importaba que su abuelo, muerto en una deportación estalinista, hubiese muerto por causa de una lógica diferente de la nazi. Era una víctima como las otras. Y es una sensibilidad que también hay que entender desde nuestra perspectiva occidental, siempre más dispuesta a comprender a las víctimas del nazismo”",
    "reference_index": "(209,233)",
    "reference": "Xosé Manoel Núñez Seixas",
    "reference_gender": "Male"
  }
]