[
  {
    "quote_index": "(2345,2428)",
    "quote": "“Estamos en el peor momento de diálogo social en materia de migraciones desde 2004″",
    "verb_index": "(2430,2438)",
    "verb": "mantiene",
    "reference_index": "(2478,2497)",
    "reference": "José Antonio Moreno",
    "reference_gender": "Male",
    "speaker_index": "(2478,2497)",
    "speaker_text": "José Antonio Moreno"
  },
  {
    "quote_index": "(3185,3366)",
    "quote": "la falta de profesionales de la construcción se explica sobre todo por la inestabilidad, las condiciones y la necesidad de una formación muy específica que requiere cierta inversión",
    "reference_index": "(3094,3107)",
    "reference": "Adrián Todolí",
    "reference_gender": "Male",
    "speaker_index": "(3094,3107)",
    "speaker_text": "Adrián Todolí",
    "trigger_index": "(3088,3093)",
    "trigger": "Según"
  },
  {
    "quote_index": "(3368,3632)",
    "quote": "“Es un sector con pocos incentivos. Está marcado por ciclos bulímicos, se contrata mucha gente en los ciclos expansivos y se despide a mucha gente cuando se frena la actividad. ¿Por qué formarse en un sector que no puede garantizar un empleo más allá de dos años?”",
    "verb_index": "(3637,3645)",
    "verb": "pregunta",
    "speaker_index": "(3646,3656)",
    "speaker": "el experto",
    "reference_index": "(3094,3107)",
    "reference": "Adrián Todolí",
    "reference_gender": "Male"
  },
  {
    "quote_index": "(5944,6041)",
    "quote": "“Es una decisión unilateral. En todos los espacios en los que tengamos voto, votaremos en contra”",
    "verb_index": "(6043,6051)",
    "verb": "mantiene",
    "reference_index": "(6107,6124)",
    "reference": "Cristina Faciaben",
    "reference_gender": "Female",
    "speaker_index": "(6107,6124)",
    "speaker_text": "Cristina Faciaben"
  },
  {
    "quote_index": "(6209,6435)",
    "quote": "más importante que ampliar el catálogo es revisarlo: “Queremos analizar qué otras formas hay de medir las necesidades del mercado de trabajo y en qué medida el mercado de trabajo local puede contribuir a suplir esas carencias”",
    "verb_index": "(6196,6204)",
    "verb": "defiende",
    "reference_index": "(6126,6142)",
    "reference": "Ana María Corral",
    "reference_gender": "Female",
    "speaker_index": "(6126,6142)",
    "speaker_text": "Ana María Corral"
  },
  {
    "quote_index": "(6864,7172)",
    "quote": "“No cuestionamos los déficits que pueda tener nuestro servicio de empleo, ni se trata de que no vengan extranjeros, lo que defendemos es que estas vacantes deben ser justificadas por el servicio público de empleo y no por el Ministerio de Asuntos Económicos, respondiendo a los intereses de no sabemos quién”",
    "verb_index": "(6855,6862)",
    "verb": "lamenta",
    "speaker_index": "(6829,6854)",
    "speaker": "La representante de CC OO",
    "reference_index": "(6107,6124)",
    "reference": "Cristina Faciaben",
    "reference_gender": "Female"
  }
]