[
  {
    "quote_index": "(714,1106)",
    "quote": "“Es diferente. Siempre ha sido difícil marcharse de casa, pero resulta curioso cómo después de solo tres semanas puedas echarlo tanto de menos, ¿no? Una nueva experiencia. Todo cambio es complicado en esta vida, así que necesitas adaptarte; en todo caso, ahora somos afortunados porque podemos hacer videollamadas cuando quieras, y eso siempre ayuda. Pero es difícil interactuar con un bebé…”",
    "verb_index": "(1108,1116)",
    "verb": "apuntaba",
    "speaker_index": "(1129,1134)",
    "speaker": "Nadal",
    "reference_index": "(110,122)",
    "reference": "Rafael Nadal",
    "reference_gender": "Male"
  },
  {
    "quote_index": "(1462,1661)",
    "quote": "“No lo sé, vamos a ver cómo se comporta. Con cuerpos viejos como el mío y después de haber estado fuera de la competición durante un tiempo, es difícil saber si va a responder o no, cómo vas a jugar”",
    "verb_index": "(1663,1671)",
    "verb": "concedía",
    "reference_index": "(110,122)",
    "reference": "Rafael Nadal",
    "reference_gender": "Male"
  },
  {
    "quote_index": "(1704,1893)",
    "quote": "“es cierto que en términos de resultados ha sido un año increíble, pero al mismo tiempo ha sido duro por las lesiones. Estoy aquí para dar lo mejor de mí, vamos a ver. Ojalá esté preparado”",
    "verb_index": "(1895,1903)",
    "verb": "ampliaba",
    "speaker_index": "(1904,1917)",
    "speaker": "el de Manacor",
    "reference_index": "(110,122)",
    "reference": "Rafael Nadal",
    "reference_gender": "Male"
  },
  {
    "quote_index": "(2464,2666)",
    "quote": "“No sé cuántos torneos he jugado, como diez, y he podido terminar ocho; así es difícil ser el número uno, pero estoy contento de estar en esta posición porque dice que cuando he jugado lo he hecho bien”",
    "verb_index": "(2668,2675)",
    "verb": "aprecia",
    "speaker_index": "(2676,2684)",
    "speaker": "el zurdo",
    "reference_index": "(110,122)",
    "reference": "Rafael Nadal",
    "reference_gender": "Male"
  },
  {
    "quote_index": "(4893,4949)",
    "quote": "“No siento la presión, yo mismo me marqué este objetivo”",
    "verb_index": "(4951,4957)",
    "verb": "apunta",
    "speaker_index": "(4958,4965)",
    "speaker": "Alcaraz",
    "reference_index": "(1447,1461)",
    "reference": "Carlos Alcaraz",
    "reference_gender": "Male"
  },
  {
    "quote_index": "(5103,5350)",
    "quote": "“Fue un partido bastante complicado, la verdad; probablemente uno de los más duros que he jugado en mi vida, pero a la vez me sirvió de mucho. Gracias a ese partido sé lo que se siente cuando no todo el mundo está contigo, y eso es lo que aprendí”",
    "verb_index": "(5352,5360)",
    "verb": "resuelve",
    "speaker_index": "(5361,5376)",
    "speaker": "el de El Palmar",
    "reference_index": "(1447,1461)",
    "reference": "Carlos Alcaraz",
    "reference_gender": "Male"
  }
]