[
  {
    "quote_index": "(641,766)",
    "quote": "“No solo cubrieron los sucesos de la guerra, sino que abordaron aspectos y dieron enfoques ausentes en el discurso masculino”",
    "verb_index": "(768,775)",
    "verb": "escribe",
    "reference_index": "(776,795)",
    "reference": "Bernardo Díaz Nosty",
    "reference_gender": "Male",
    "speaker_index": "(776,795)",
    "speaker_text": "Bernardo Díaz Nosty"
  },
  {
    "quote_index": "(1476,1683)",
    "quote": "El borrado de la mayor parte de estas mujeres del relato de la contienda tiene que ver con “el carácter masculino de la cultura de la guerra, algo que se traduce también a la hora de reconstruir su historia”",
    "verb_index": "(1685,1690)",
    "verb": "añade",
    "speaker_index": "(1691,1701)",
    "speaker": "Díaz Nosty",
    "reference_index": "(776,795)",
    "reference": "Bernardo Díaz Nosty",
    "reference_gender": "Male"
  },
  {
    "quote_index": "(1730,1850)",
    "quote": "“Hubo una lectura femenina de la guerra que puso el foco en las consecuencias fatales sobre el conjunto de la población”",
    "verb_index": "(1852,1859)",
    "verb": "subraya",
    "reference_index": "(776,795)",
    "reference": "Bernardo Díaz Nosty",
    "reference_gender": "Male"
  },
  {
    "quote_index": "(4022,4162)",
    "quote": "“Su trabajo estaba ahí y la investigación ha sido una satisfacción tras otra, solo había que tirar del hilo porque unas se referían a otras”",
    "verb_index": "(4164,4170)",
    "verb": "afirma",
    "speaker_index": "(4171,4186)",
    "speaker": "el investigador",
    "reference_index": "(776,795)",
    "reference": "Bernardo Díaz Nosty",
    "reference_gender": "Male"
  },
  {
    "quote_index": "(6887,6944)",
    "quote": "”no me siento graciosa. No creo que Franco sea una broma”",
    "verb_index": "(6946,6954)",
    "verb": "escribió",
    "reference_index": "(6780,6794)",
    "reference": "Dorothy Parker",
    "reference_gender": "Female",
    "speaker_index": "(6780,6794)",
    "speaker_text": "Dorothy Parker"
  },
  {
    "quote_index": "(7727,8087)",
    "quote": "“trogloditas disfrazados de anarquistas” a quienes increpaban a las mujeres que se manifestaban en Barcelona: “¡A ver si vamos a tolerar que, después de tanto libro anarquista como se ha escrito ensalzando la libertad femenina, de tanto discurso libertario proclamando la libertad de derechos, de tan larga lucha emancipadora, vengan anarquistas a agredirnos…”",
    "verb_index": "(7713,7721)",
    "verb": "denunció",
    "reference_index": "(7583,7595)",
    "reference": "Ana Piacenza",
    "reference_gender": "Female",
    "speaker_index": "(7583,7595)",
    "speaker_text": "Ana Piacenza"
  },
  {
    "quote_index": "(8244,8595)",
    "quote": "“Y a la extranjera que, como a mí, solo le interesa España como tal España, militarista o gubernamental, fascista o comunista, porque esa España total, acogedora, heroica y nobel es como su segunda Patria, no le queda otro honrado camino que el de llorar —no retóricamente, sino auténticamente— sobre tal muerte, sobre tal dolor, sobre tal desolación”",
    "reference_index": "(8111,8137)",
    "reference": "Rosa Arciniega de la Torre",
    "reference_gender": "Female",
    "speaker_index": "(8111,8137)",
    "speaker_text": "Rosa Arciniega de la Torre"
  }
]