[
  {
    "quote_index": "(911,1261)",
    "quote": "“Es una panadería con un rollo bestial que siempre tiene cola en la calle. Los clientes que acuden allí ven todas las tripas del negocio y están junto a los panaderos, los hornos y los carros. Además, cuenta con una pequeña cocina integrada y la gracia es que te puedes tomar algo delicado y artesano mientras te empapas de la verdad de la profesión”",
    "verb_index": "(1263,1270)",
    "verb": "explica",
    "reference_index": "(0,14)",
    "reference": "Nino Redruello",
    "reference_gender": "Male"
  },
  {
    "quote_index": "(1315,1602)",
    "quote": "“Como nosotros no somos panaderos sino hosteleros, hemos querido hacer un bistró con más sala de hostelería que panadería, en cuyo espacio se entrelacen ambas profesiones. Así, la gente puede venir a desayunar, a comprar bollería o pan, a comer, merendar o cenar y ver cómo se hace todo”",
    "verb_index": "(1604,1611)",
    "verb": "explica",
    "reference_index": "(0,14)",
    "reference": "Nino Redruello",
    "reference_gender": "Male"
  },
  {
    "quote_index": "(2231,2358)",
    "quote": "“Tener nuestro pan con receta propia siempre ha sido un sueño y contar con una panadería en una de nuestras casas es increíble”",
    "verb_index": "(2360,2366)",
    "verb": "cuenta",
    "reference_index": "(0,14)",
    "reference": "Nino Redruello",
    "reference_gender": "Male"
  },
  {
    "quote_index": "(2368,2454)",
    "quote": "“Además, entre horas vamos a comenzar a hacer pasteles salados, focaccias y empanadas”",
    "verb_index": "(2456,2461)",
    "verb": "añade",
    "reference_index": "(0,14)",
    "reference": "Nino Redruello",
    "reference_gender": "Male"
  },
  {
    "quote_index": "(2732,2785)",
    "quote": "“El concepto no es el de un restaurante gastronómico”",
    "verb_index": "(2787,2793)",
    "verb": "indica"
  },
  {
    "quote_index": "(2928,3354)",
    "quote": "“Es un lugar muy europeo en el que mezclamos sabores con gracia. Aquí no queremos ser una venta gastronómica de la ciudad, porque para hablar de Madrid ya tengo La Ancha, que lleva haciéndolo 103 años. Aún así, es inevitable que en la carta se encuentren, por ejemplo, una oreja o un aliño choricero, porque tienen nuestra esencia. Pero está pensado para gustar a todo el público y cambiará según la temporalidad del producto”",
    "verb_index": "(3356,3363)",
    "verb": "asegura"
  }
]