[
  {
    "quote_index": "(286,388)",
    "quote": "no tendría \"ningún sentido\" finalizar el cuatrienio si no será alcaldable para el PP en estos comicios",
    "verb_index": "(272,281)",
    "verb": "asegurado",
    "reference_index": "(64,73)",
    "reference": "Josep Bou",
    "reference_gender": "Male"
  },
  {
    "quote_index": "(390,434)",
    "quote": "\"Yo he dado mi palabra y esto se ha acabado\"",
    "verb_index": "(439,446)",
    "verb": "zanjado",
    "reference_index": "(64,73)",
    "reference": "Josep Bou",
    "reference_gender": "Male"
  },
  {
    "quote_index": "(740,824)",
    "quote": "está pactando con la dirección general el momento exacto en el que dejará sus cargos",
    "verb_index": "(726,735)",
    "verb": "explicado",
    "speaker_index": "(675,722)",
    "speaker": "El aún líder de los populares en el consistorio",
    "reference_index": "(64,73)",
    "reference": "Josep Bou",
    "reference_gender": "Male"
  },
  {
    "quote_index": "(856,942)",
    "quote": "lo hará \"bien\", de tal forma que nadie quede \"herido\" y él pueda salir \"con decencia\".",
    "verb_index": "(845,854)",
    "verb": "prometido",
    "reference_index": "(64,73)",
    "reference": "Josep Bou",
    "reference_gender": "Male"
  },
  {
    "quote_index": "(1200,1350)",
    "quote": "se tomará una \"pausa\" en la política pero no ha descartado volver, ya sea en el Ayuntamiento o en el Parlament, y dentro del PP o de otras formaciones",
    "verb_index": "(1190,1195)",
    "verb": "dicho",
    "reference_index": "(64,73)",
    "reference": "Josep Bou",
    "reference_gender": "Male"
  },
  {
    "quote_index": "(1371,1472)",
    "quote": "está \"abierto\" a que lo fiche un partido más adelante pero \"bajo ningún concepto\" uno independentista",
    "verb_index": "(1352,1360)",
    "verb": "Confirma",
    "reference_index": "(64,73)",
    "reference": "Josep Bou",
    "reference_gender": "Male"
  },
  {
    "quote_index": "(1618,1634)",
    "quote": "\"muy lamentable\"",
    "verb_index": "(1606,1617)",
    "verb": "considerado",
    "reference_index": "(64,73)",
    "reference": "Josep Bou",
    "reference_gender": "Male"
  },
  {
    "quote_index": "(1636,1667)",
    "quote": "\"No se ha preparado a la gente\"",
    "verb_index": "(1672,1681)",
    "verb": "asegurado",
    "reference_index": "(64,73)",
    "reference": "Josep Bou",
    "reference_gender": "Male"
  }
]