[
  {
    "quote_index": "(723,782)",
    "quote": "\"todo el mundo en el cuerpo catalán puede hacer su trabajo\"",
    "verb_index": "(708,718)",
    "verb": "respondido",
    "speaker_index": "(690,704)",
    "speaker": "el 'conseller'",
    "reference_index": "(28,45)",
    "reference": "Joan Ignasi Elena",
    "reference_gender": "Male"
  },
  {
    "quote_index": "(887,1048)",
    "quote": "una herramienta que ayudará a los policías a actuar en un terreno muy pantanoso y que sitúa en el centro de la intervención policial \"a las personas vulnerables\"",
    "speaker_index": "(846,853)",
    "speaker": "Sallent",
    "reference_index": "(868,881)",
    "reference": "Montse Escudé",
    "reference_gender": "Female"
  },
  {
    "quote_index": "(2467,2606)",
    "quote": "el PNT resulta necesario para dar pautas de actuación concretas a los agentes ante conceptos jurídicamente ambiguos como el de \"flagrancia\"",
    "verb_index": "(2444,2453)",
    "verb": "detallado",
    "speaker_index": "(2378,2385)",
    "speaker": "Sallent",
    "reference_index": "(467,481)",
    "reference": "Eduard Sallent",
    "reference_gender": "Male"
  },
  {
    "quote_index": "(3108,3266)",
    "quote": "Si existen indicios que pueden recogerse en un atestado, los agentes deben actuar para deshacer la ocupación flagrante antes de acudir a la autoridad judicial",
    "verb_index": "(3271,3280)",
    "verb": "defendido",
    "speaker_index": "(3281,3288)",
    "speaker": "Sallent",
    "reference_index": "(467,481)",
    "reference": "Eduard Sallent",
    "reference_gender": "Male"
  },
  {
    "quote_index": "(3546,3627)",
    "quote": "se habla mucho \"de la participación de los Mossos en los desahucios, y de su rol\"",
    "verb_index": "(3532,3541)",
    "verb": "recordado",
    "speaker_index": "(3523,3528)",
    "speaker": "Elena",
    "reference_index": "(28,45)",
    "reference": "Joan Ignasi Elena",
    "reference_gender": "Male"
  },
  {
    "quote_index": "(3629,3820)",
    "quote": "\"Los Mossos no desahucian. Quien desahucia es una sociedad injusta y todo lo que ha fallado hasta llegar hasta este punto, una sociedad que no es capaz de garantizar el derecho a la vivienda\"",
    "verb_index": "(3825,3834)",
    "verb": "subrayado",
    "reference_index": "(28,45)",
    "reference": "Joan Ignasi Elena",
    "reference_gender": "Male"
  },
  {
    "quote_index": "(3957,3994)",
    "quote": "Solo en un 0,8% ha habido \"problemas\"",
    "speaker_index": "(4002,4007)",
    "speaker": "Elena",
    "reference_index": "(28,45)",
    "reference": "Joan Ignasi Elena",
    "reference_gender": "Male",
    "trigger_index": "(3996,4001)",
    "trigger": "según"
  },
  {
    "quote_index": "(4066,4218)",
    "quote": "los Mossos son una policía integral, lo cual significa que cuando actúan para cumplir una mandamiento judicial lo hacen siguiendo las órdenes de un juez",
    "verb_index": "(4041,4047)",
    "verb": "dejado",
    "speaker_index": "(4032,4037)",
    "speaker": "Elena",
    "reference_index": "(28,45)",
    "reference": "Joan Ignasi Elena",
    "reference_gender": "Male"
  },
  {
    "quote_index": "(4487,4554)",
    "quote": "\"el mito\" de los ocupas que entran en viviendas que no están vacías",
    "verb_index": "(4480,4486)",
    "verb": "negado",
    "speaker_index": "(4460,4467)",
    "speaker": "Sallent",
    "reference_index": "(868,881)",
    "reference": "Montse Escudé",
    "reference_gender": "Female"
  },
  {
    "quote_index": "(4714,4933)",
    "quote": "\"Estos casos, que son muy residuales, suponen una violación del domicilio por parte de los ocupas y debe actuarse porque se trata de un delito más grave que la usurpación de la vivienda –cuando el piso está abandonado–\"",
    "verb_index": "(4938,4949)",
    "verb": "argumentado",
    "speaker_index": "(4950,4957)",
    "speaker": "Sallent",
    "reference_index": "(467,481)",
    "reference": "Eduard Sallent",
    "reference_gender": "Male"
  }
]