[
  {
    "quote_index": "(34,75)",
    "quote": "ha retomado su amistad con Vladímir Putin",
    "verb_index": "(3,8)",
    "verb": "jacta",
    "reference_index": "(9,26)",
    "reference": "Silvio Berlusconi",
    "reference_gender": "Male",
    "speaker_index": "(9,26)",
    "speaker_text": "Silvio Berlusconi"
  },
  {
    "quote_index": "(115,230)",
    "quote": "el presidente ruso le ha regalado 20 botellas de vodka por su 86 cumpleaños y le ha enviado una “carta amabilísima”",
    "speaker_index": "(86,113)",
    "speaker": "ex primer ministro italiano",
    "reference_index": "(9,26)",
    "reference": "Silvio Berlusconi",
    "reference_gender": "Male",
    "trigger_index": "(77,82)",
    "trigger": "Según"
  },
  {
    "quote_index": "(437,478)",
    "quote": "él ha causado la invasión rusa de Ucrania",
    "verb_index": "(428,432)",
    "verb": "Dice",
    "reference_index": "(9,26)",
    "reference": "Silvio Berlusconi",
    "reference_gender": "Male"
  },
  {
    "quote_index": "(901,1161)",
    "quote": "un ultimátum a sus dos socios, Matteo Salvini (admirador de Putin) y el propio Silvio Berlusconi: solo formará un Gobierno tripartito (Hermanos de Italia, Liga y Forza Italia) si sus ministros apoyan claramente la posición europea y de la OTAN de ayudar a Kiev",
    "verb_index": "(895,900)",
    "verb": "lanzó",
    "reference_index": "(879,893)",
    "reference": "Giorgia Meloni",
    "reference_gender": "Female",
    "speaker_index": "(879,893)",
    "speaker_text": "Giorgia Meloni"
  },
  {
    "quote_index": "(2156,2239)",
    "quote": "no lo haría porque era, había dicho, una “luchadora, y no una persona que abandona”",
    "verb_index": "(2143,2151)",
    "verb": "asegurar",
    "speaker_index": "(2086,2091)",
    "speaker": "Truss",
    "reference_index": "(1679,1688)",
    "reference": "Liz Truss",
    "reference_gender": "Female"
  },
  {
    "quote_index": "(2454,2597)",
    "quote": "“Tratábamos de generar crecimiento”, dijo el embajador británico Hugh Elliott a este diario hace una semana, “pero quizá no lo explicamos bien”",
    "verb_index": "(2491,2495)",
    "verb": "dijo",
    "reference_index": "(2519,2531)",
    "reference": "Hugh Elliott",
    "reference_gender": "Male",
    "speaker_index": "(2519,2531)",
    "speaker_text": "Hugh Elliott"
  },
  {
    "quote_index": "(3795,4121)",
    "quote": "“Lo que nos afecta a los europeos de a pie es el precio de las fuentes energéticas (petróleo, gas, electricidad) y la inflación (conectada con lo anterior, pero también de la alimentación). A esto se le ha sumado un factor agravante, que es el conflicto entre Rusia y Ucrania, o quizá más bien de Rusia con Europa y Occidente”",
    "verb_index": "(4123,4133)",
    "verb": "interpreta",
    "reference_index": "(4189,4216)",
    "reference": "Frédéric Mertens de Wilmars",
    "reference_gender": "Male"
  },
  {
    "quote_index": "(4296,4540)",
    "quote": "“Pero hay que decir que todos esos factores son preexistentes al conflicto de Ucrania, una guerra que muchos gobiernos han usado para justificar la subida de precios, la congelación salarial o, en Francia, aplazamiento de la edad de jubilación”",
    "reference_index": "(4189,4216)",
    "reference": "Frédéric Mertens de Wilmars",
    "reference_gender": "Male"
  },
  {
    "quote_index": "(5846,6048)",
    "quote": "Suecia, por ejemplo, “que ha sido un terremoto para mucha gente porque ha pasado de país modélico de la socialdemocracia a tener a la extrema” como segundo partido más votado y condicionando el Gobierno",
    "verb_index": "(6050,6055)",
    "verb": "opina",
    "speaker_index": "(6056,6078)",
    "speaker": "Mertens de Wilmarsdice",
    "reference_index": "(4189,4216)",
    "reference": "Frédéric Mertens de Wilmars",
    "reference_gender": "Male"
  },
  {
    "quote_index": "(6122,6153)",
    "quote": "“Adiós Liz Truss, hola lechuga”",
    "verb_index": "(6155,6163)",
    "verb": "escribió",
    "reference_index": "(6203,6219)",
    "reference": "Dimitri Medvedev",
    "reference_gender": "Male"
  },
  {
    "quote_index": "(6266,6361)",
    "quote": "“Hablar del declive de Occidente forma parte ya del argumentario del Kremlin desde hace tiempo”",
    "verb_index": "(6363,6370)",
    "verb": "explica",
    "reference_index": "(6385,6399)",
    "reference": "Carme Colomina",
    "reference_gender": "Female",
    "speaker_index": "(6385,6399)",
    "speaker_text": "Carme Colomina"
  },
  {
    "quote_index": "(6435,6559)",
    "quote": "“Lo de Medvedev es un ejemplo más. Pero no creo que la inestabilidad europea suponga realmente un cambio a mejor para ellos”",
    "reference_index": "(6385,6399)",
    "reference": "Carme Colomina",
    "reference_gender": "Female"
  },
  {
    "quote_index": "(6861,7032)",
    "quote": "no es solo la tensión que viven Italia o Reino, o las protestas en Francia o en Alemania (donde moviliza en las calles el partido ultraderechista Alternativa por Alemania)",
    "verb_index": "(6841,6847)",
    "verb": "Apunta",
    "speaker_index": "(6848,6856)",
    "speaker": "Colomina",
    "reference_index": "(6385,6399)",
    "reference": "Carme Colomina",
    "reference_gender": "Female"
  },
  {
    "quote_index": "(7168,7315)",
    "quote": "“El crecimiento global se desacelera y en cambio la incertidumbre política crece: de la gestión de este otoño dependerá cuán frío será el invierno”",
    "verb_index": "(7317,7325)",
    "verb": "concluye",
    "reference_index": "(6385,6399)",
    "reference": "Carme Colomina",
    "reference_gender": "Female"
  }
]