[
  {
    "quote_index": "(173,249)",
    "quote": "si temía una revancha por parte del andaluz en su nuevo proyecto audiovisual",
    "verb_index": "(143,153)",
    "verb": "preguntada",
    "reference_index": "(158,172)",
    "reference": "Adela González",
    "reference_gender": "Female",
    "speaker_index": "(158,172)",
    "speaker_text": "Adela González"
  },
  {
    "quote_index": "(270,368)",
    "quote": "de forma tajante: “No, él no ha contestado porque no le ha dado la gana o porque no le venía bien”",
    "verb_index": "(265,269)",
    "verb": "negó",
    "speaker_index": "(260,264)",
    "speaker": "ella",
    "reference_index": "(0,13)",
    "reference": "Belén Esteban",
    "reference_gender": "Female"
  },
  {
    "quote_index": "(426,488)",
    "quote": "si habla sobre ella en la docuserie, no se va a quedar callada",
    "verb_index": "(411,421)",
    "verb": "asegurando",
    "speaker_index": "(370,385)",
    "speaker": "La colaboradora",
    "reference_index": "(0,13)",
    "reference": "Belén Esteban",
    "reference_gender": "Female"
  },
  {
    "quote_index": "(490,535)",
    "quote": "“Yo no soy muda ¿Eh? Si él habla, hombre...”,",
    "verb_index": "(536,542)",
    "verb": "afirmó",
    "speaker_index": "(543,550)",
    "speaker": "Esteban",
    "reference_index": "(0,13)",
    "reference": "Belén Esteban",
    "reference_gender": "Female"
  },
  {
    "quote_index": "(567,673)",
    "quote": "sólo hablará de ella, y no de la hija que tienen en común, recalcando que \"los hechos hablan por sí solos\"",
    "verb_index": "(552,562)",
    "verb": "subrayando",
    "reference_index": "(0,13)",
    "reference": "Belén Esteban",
    "reference_gender": "Female"
  },
  {
    "quote_index": "(675,704)",
    "quote": "\"No tengo nada más que decir\"",
    "verb_index": "(706,715)",
    "verb": "sentenció",
    "reference_index": "(0,13)",
    "reference": "Belén Esteban",
    "reference_gender": "Female"
  },
  {
    "quote_index": "(841,916)",
    "quote": "\"Él tiene derecho de hacer lo que le dé la gana. Puede hacer lo que quiera\"",
    "verb_index": "(918,922)",
    "verb": "dejó",
    "speaker_index": "(929,936)",
    "speaker": "Esteban",
    "reference_index": "(0,13)",
    "reference": "Belén Esteban",
    "reference_gender": "Female"
  },
  {
    "quote_index": "(957,1126)",
    "quote": "“Pero yo ya en sus vidas no pinto nada. Yo tengo una vida con mi familia, con mi marido. ¿Que he hablado durante muchos años? Sí, y no digo nada de menos de lo que dije”",
    "verb_index": "(1128,1135)",
    "verb": "aseguró",
    "speaker_index": "(1136,1149)",
    "speaker": "la tertuliana",
    "reference_index": "(0,13)",
    "reference": "Belén Esteban",
    "reference_gender": "Female"
  }
]