[
  {
    "quote_index": "(64,238)",
    "quote": "este martes siete días de luto nacional por la muerte de casi medio centenar de personas durante las protestas registradas la semana pasada en el país contra la junta militar",
    "verb_index": "(54,63)",
    "verb": "anunciado",
    "reference_index": "(30,49)",
    "reference": "Mahamat Idriss Déby",
    "reference_gender": "Male",
    "speaker_index": "(30,49)",
    "speaker_text": "Mahamat Idriss Déby"
  },
  {
    "quote_index": "(273,371)",
    "quote": "las protestas como una \"insurrección organizada\" que contaba con el apoyo de \"poderes extranjeros\"",
    "verb_index": "(264,272)",
    "verb": "descrito",
    "speaker_index": "(240,256)",
    "speaker": "El general Déby,",
    "reference_index": "(30,49)",
    "reference": "Mahamat Idriss Déby",
    "reference_gender": "Male"
  },
  {
    "quote_index": "(384,538)",
    "quote": "a los manifestantes de \"matar a sangre fría a civiles y asesinar a miembros de las fuerzas de seguridad\" con la vista puesta en generar una \"guerra civil\"",
    "verb_index": "(376,383)",
    "verb": "acusado",
    "speaker_index": "(240,256)",
    "speaker": "El general Déby,",
    "reference_index": "(30,49)",
    "reference": "Mahamat Idriss Déby",
    "reference_gender": "Male"
  },
  {
    "quote_index": "(561,778)",
    "quote": "a los diferentes actores políticos del país de \"buscar el apoyo de terceros\" para ejercer una mayor presión sobre la junta, si bien no ha dado detalles sobre qué países habrían interferido o estarían dispuestos a ello",
    "verb_index": "(553,560)",
    "verb": "acusado",
    "reference_index": "(30,49)",
    "reference": "Mahamat Idriss Déby",
    "reference_gender": "Male"
  },
  {
    "quote_index": "(1157,1435)",
    "quote": "\"Se han entregado armas y dinero desde fuera a chadianos oportunistas que no han dudado a la hora de destruir el país para satisfacer sus deseos personales y cumplir con agendas políticas extranjeras\", ha dicho Déby antes de instar a \"rechazar cualquier manipulación extranjera\"",
    "verb_index": "(1362,1367)",
    "verb": "dicho",
    "speaker_index": "(1368,1372)",
    "speaker": "Déby",
    "reference_index": "(30,49)",
    "reference": "Mahamat Idriss Déby",
    "reference_gender": "Male"
  }
]