[
  {
    "quote_index": "(332,468)",
    "quote": "un conjunto de ‘start ups’ dispuestas a “perturbar el sector espacial con nuevas tecnologías, enfoques de gestión y presión competitiva”",
    "verb_index": "(320,326)",
    "verb": "define",
    "reference_index": "(236,253)",
    "reference": "Matthew Weinzierl",
    "reference_gender": "Male",
    "speaker_index": "(236,253)",
    "speaker_text": "Matthew Weinzierl"
  },
  {
    "quote_index": "(1982,2311)",
    "quote": "el ‘New Space’ es un movimiento industrial que engloba nuevas inversiones privadas e innovaciones tecnológicas dejando de lado diseños de alta confiabilidad, ciclos largos y alto coste, reemplazándolos por modelos más flexibles, con costes de producción y tiempos de comercialización reducidos, que no eran viables hace unos años",
    "verb_index": "(1954,1960)",
    "verb": "define",
    "reference_index": "(1964,1980)",
    "reference": "Comisión Europea",
    "reference_gender": "Unknown",
    "speaker_index": "(1964,1980)",
    "speaker_text": "Comisión Europea"
  },
  {
    "quote_index": "(4443,4619)",
    "quote": "los convencionales suelen tardar entre cinco y 15 años en producirse y ponerse en órbita, mientras que los Cubesats pueden producirse y ponerse en órbita en menos de ocho meses",
    "reference_index": "(4394,4411)",
    "reference": "Guillermo Lamelas",
    "reference_gender": "Male",
    "speaker_index": "(4394,4411)",
    "speaker_text": "Guillermo Lamelas",
    "trigger_index": "(4388,4393)",
    "trigger": "Según"
  }
]