[
  {
    "quote_index": "(459,473)",
    "quote": "\"Por supuesto\"",
    "verb_index": "(475,483)",
    "verb": "anticipa",
    "reference_index": "(557,569)",
    "reference": "Mariano Hoya",
    "reference_gender": "Male",
    "speaker_index": "(557,569)",
    "speaker_text": "Mariano Hoya"
  },
  {
    "quote_index": "(571,693)",
    "quote": "\"Ni los empresarios ni el Gobierno parecen acordarse de que en febrero un tío con un móvil casi consigue parar medio país\"",
    "verb_index": "(695,700)",
    "verb": "añade",
    "reference_index": "(557,569)",
    "reference": "Mariano Hoya",
    "reference_gender": "Male"
  },
  {
    "quote_index": "(905,1391)",
    "quote": "“El estallido de una protesta es siempre una incógnita. Lo que está claro es que aquí tenemos todos los ingredientes encima de la mesa para que acabe pasando. ¿Cuándo? Eso es más difícil de predecir, ya que el malestar puede mantenerse latente durante mucho tiempo. El 15-M, por ejemplo, se produjo tres años después de iniciarse la crisis del 2008. Pero desde entonces las diferentes crisis se han ido superponiendo y parece muy difícil que algún tipo de estallido no acabe ocurriendo”",
    "verb_index": "(1393,1399)",
    "verb": "apunta",
    "reference_index": "(1447,1467)",
    "reference": "Josep Maria Antentas",
    "reference_gender": "Male",
    "speaker_index": "(1447,1467)",
    "speaker_text": "Josep Maria Antentas"
  },
  {
    "quote_index": "(1469,1774)",
    "quote": "“Conflictos importantes ya los ha habido en los últimos meses, como en el metal de Ourense, Álava, Asturias o Cádiz, que fue el más mediático. Pero en general no han tenido la misma trascendencia que en Francia, porque, a diferencia de las refinerías, no afectan de manera tan directa a la vida cotidiana”",
    "verb_index": "(1776,1785)",
    "verb": "considera",
    "reference_index": "(1828,1845)",
    "reference": "Mari Cruz Vicente",
    "reference_gender": "Female",
    "speaker_index": "(1828,1845)",
    "speaker_text": "Mari Cruz Vicente"
  },
  {
    "quote_index": "(2856,3023)",
    "quote": "“Las huelgas son útiles y tienen éxito cuando dan soluciones y logran buenos acuerdos. Y no siempre es fácil coordinar distintos sectores para sacar buenos resultados”",
    "verb_index": "(3025,3031)",
    "verb": "apunta",
    "speaker_index": "(3032,3036)",
    "speaker": "Hoya",
    "reference_index": "(557,569)",
    "reference": "Mariano Hoya",
    "reference_gender": "Male"
  },
  {
    "quote_index": "(3223,3381)",
    "quote": "Y es que por más que España tenga sobre el papel unas peores condiciones materiales, “en Francia hay una larga tradición de movilizaciones desde la izquierda”",
    "verb_index": "(3383,3391)",
    "verb": "recuerda",
    "reference_index": "(1447,1467)",
    "reference": "Josep Maria Antentas",
    "reference_gender": "Male"
  },
  {
    "quote_index": "(3697,3925)",
    "quote": "\"Han adoptado medidas que muchas veces no pasan del titular, pero tienen un cierto efecto desactivador y no son percibidas como hostiles. Tal vez sí insuficientes, pero no hostiles como podría ser un recorte de sueldos públicos\"",
    "verb_index": "(3927,3932)",
    "verb": "añade",
    "speaker_index": "(3933,3941)",
    "speaker": "Antentas",
    "reference_index": "(1447,1467)",
    "reference": "Josep Maria Antentas",
    "reference_gender": "Male"
  },
  {
    "quote_index": "(3978,4121)",
    "quote": "“La capacidad de movilizar al sector público es una de las claves de las movilizaciones en Francia y aquí hemos conseguido alcanzar un acuerdo”",
    "verb_index": "(4123,4129)",
    "verb": "apunta",
    "speaker_index": "(4130,4170)",
    "speaker": "la secretaria de acción sindical de CCOO",
    "reference_index": "(1828,1845)",
    "reference": "Mari Cruz Vicente",
    "reference_gender": "Female"
  },
  {
    "quote_index": "(4829,4898)",
    "quote": "\"Nos está costando mucho llegar a acuerdos en las mesas de convenios\"",
    "verb_index": "(4900,4908)",
    "verb": "reconoce",
    "reference_index": "(4942,4955)",
    "reference": "Josep Ginesta",
    "reference_gender": "Male",
    "speaker_index": "(4942,4955)",
    "speaker_text": "Josep Ginesta"
  },
  {
    "quote_index": "(4957,5244)",
    "quote": "\"Y el poco peso de la pyme en la negociación colectiva complica las cosas. Porque cuando van bien, van bien para todos. Pero cuando van mal las pequeñas y medianas empresas les cuesta más cumplir con unas condiciones que muchas veces se han firmado pensando en las grandes corporaciones\"",
    "verb_index": "(5246,5251)",
    "verb": "añade",
    "reference_index": "(4942,4955)",
    "reference": "Josep Ginesta",
    "reference_gender": "Male"
  },
  {
    "quote_index": "(5809,5858)",
    "quote": "“Los empresarios nos están abocando al conflicto”",
    "verb_index": "(5860,5866)",
    "verb": "afirma",
    "speaker_index": "(5867,5914)",
    "speaker": "la responsable de negociación colectiva de CCOO",
    "reference_index": "(1828,1845)",
    "reference": "Mari Cruz Vicente",
    "reference_gender": "Female"
  },
  {
    "quote_index": "(5916,6199)",
    "quote": "“Cuando los trabajadores empiecen a ver como la subida de las hipotecas les hace peligrar la casa o que no llegan a pagar la calefacción durante el invierno vamos a tener un problema. Lo estoy temiendo. O negociamos subidas salariales para todo el mundo o esto se puede descontrolar”",
    "verb_index": "(6201,6207)",
    "verb": "apunta",
    "speaker_index": "(6208,6226)",
    "speaker": "su homólogo de UGT",
    "reference_index": "(557,569)",
    "reference": "Mariano Hoya",
    "reference_gender": "Male"
  }
]