[
  {
    "quote_index": "(933,1006)",
    "quote": "Shakira quiere irse de Barcelona tras la ruptura con el capitán del Barça",
    "verb_index": "(919,928)",
    "verb": "reiterado",
    "speaker_index": "(907,914)",
    "speaker": "Vázquez",
    "reference_index": "(513,527)",
    "reference": "Lorena Vázquez",
    "reference_gender": "Female"
  },
  {
    "quote_index": "(1175,1255)",
    "quote": "la cantante apenas conoce a gente en Barcelona ni tiene vida social en la ciudad",
    "verb_index": "(1161,1170)",
    "verb": "explicado",
    "speaker_index": "(1140,1155)",
    "speaker": "Las 'Mamarazzis",
    "reference_index": "(513,527)",
    "reference": "Lorena Vázquez",
    "reference_gender": "Female"
  },
  {
    "quote_index": "(1257,1345)",
    "quote": "\"Se llevaba muy bien con su exsuegra, pero ya no viven en el mismo complejo residencial\"",
    "verb_index": "(1398,1405)",
    "verb": "contado",
    "speaker_index": "(1406,1413)",
    "speaker": "Vázquez",
    "reference_index": "(513,527)",
    "reference": "Lorena Vázquez",
    "reference_gender": "Female"
  },
  {
    "quote_index": "(1826,1898)",
    "quote": "\"El tema de los acosadores podría ser su argumento para mudarse a Miami\"",
    "verb_index": "(1903,1911)",
    "verb": "afirmado",
    "speaker_index": "(1912,1914)",
    "speaker": "Fa",
    "reference_index": "(502,510)",
    "reference": "Laura Fa",
    "reference_gender": "Female"
  },
  {
    "quote_index": "(1951,2009)",
    "quote": "la cantante había parado la venta de su mansión en Florida",
    "verb_index": "(1942,1946)",
    "verb": "dijo",
    "speaker_index": "(1916,1921)",
    "speaker": "quién",
    "reference_index": "(502,510)",
    "reference": "Laura Fa",
    "reference_gender": "Female"
  },
  {
    "quote_index": "(2323,2339)",
    "quote": "ella estaba bien",
    "verb_index": "(2314,2318)",
    "verb": "dijo",
    "reference_index": "(2279,2290)",
    "reference": "Rosa Olucha",
    "reference_gender": "Female"
  },
  {
    "quote_index": "(2341,2376)",
    "quote": "\"Deberías preguntaron cómo está él\"",
    "verb_index": "(2378,2382)",
    "verb": "dijo",
    "reference_index": "(2279,2290)",
    "reference": "Rosa Olucha",
    "reference_gender": "Female"
  },
  {
    "quote_index": "(2408,2457)",
    "quote": "es él \"quién ha sufrido un ataque a su intimidad\"",
    "verb_index": "(2393,2403)",
    "verb": "recordando",
    "reference_index": "(2279,2290)",
    "reference": "Rosa Olucha",
    "reference_gender": "Female"
  },
  {
    "quote_index": "(2502,2525)",
    "quote": "\"No difundáis el vídeo\"",
    "verb_index": "(2531,2537)",
    "verb": "pedido",
    "reference_index": "(513,527)",
    "reference": "Lorena Vázquez",
    "reference_gender": "Female"
  },
  {
    "quote_index": "(2782,2891)",
    "quote": "de la reconciliación de Amelia Bono con Manuel Martos tras un año separados y la \"grave crisis\" que sufrieron",
    "verb_index": "(2774,2781)",
    "verb": "hablado",
    "speaker_index": "(2758,2765)",
    "speaker": "Vázquez",
    "reference_index": "(513,527)",
    "reference": "Lorena Vázquez",
    "reference_gender": "Female"
  }
]