[
  {
    "quote_index": "(340,435)",
    "quote": "“España se reconoce en muchas de estas medidas porque ha sido una de sus principales valedoras”",
    "verb_index": "(437,442)",
    "verb": "decía",
    "speaker_index": "(443,450)",
    "speaker": "Sánchez",
    "reference_index": "(166,179)",
    "reference": "Pedro Sánchez",
    "reference_gender": "Male"
  },
  {
    "quote_index": "(1220,1325)",
    "quote": "el alza del precio no es un problema individual de ciertos estados y urge “encontrar soluciones europeas”",
    "verb_index": "(1161,1169)",
    "verb": "defiende",
    "speaker_index": "(1153,1160)",
    "speaker": "Sánchez",
    "reference_index": "(166,179)",
    "reference": "Pedro Sánchez",
    "reference_gender": "Male"
  },
  {
    "quote_index": "(2006,2057)",
    "quote": "los precios se moderarán a partir de marzo del 2022",
    "verb_index": "(1993,2001)",
    "verb": "sostiene",
    "reference_index": "(1979,1991)",
    "reference": "Kadri Simson",
    "reference_gender": "Female",
    "speaker_index": "(1979,1991)",
    "speaker_text": "Kadri Simson"
  },
  {
    "quote_index": "(2059,2142)",
    "quote": "“En estos momentos los estados miembros son los mejor posicionados para reaccionar”",
    "verb_index": "(2144,2151)",
    "verb": "insiste",
    "reference_index": "(1979,1991)",
    "reference": "Kadri Simson",
    "reference_gender": "Female"
  },
  {
    "quote_index": "(2244,2347)",
    "quote": "las propuestas de Bruselas son “manifiestamente incongruentes” con “la excepcionalidad de la situación”",
    "verb_index": "(2352,2357)",
    "verb": "queja",
    "speaker_index": "(2228,2234)",
    "speaker": "Ribera",
    "reference_index": "(1428,1441)",
    "reference": "Teresa Ribera",
    "reference_gender": "Female"
  },
  {
    "quote_index": "(3073,3219)",
    "quote": "“No podemos apoyar ninguna medida que represente una desviación de los principios competitivos de nuestro diseño de mercado de electricidad y gas”",
    "verb_index": "(3221,3226)",
    "verb": "dicen",
    "reference_index": "(3227,3247)",
    "reference": "Berlín y sus aliados",
    "reference_gender": "Unknown",
    "speaker_index": "(3227,3247)",
    "speaker_text": "Berlín y sus aliados"
  },
  {
    "quote_index": "(4283,4308)",
    "quote": "“Me voy a airear un rato”",
    "verb_index": "(4310,4315)",
    "verb": "soltó",
    "speaker_index": "(4316,4323)",
    "speaker": "Sánchez",
    "reference_index": "(166,179)",
    "reference": "Pedro Sánchez",
    "reference_gender": "Male"
  },
  {
    "quote_index": "(4450,4489)",
    "quote": "el acuerdo para una “excepción ibérica”",
    "verb_index": "(4442,4449)",
    "verb": "anunció",
    "reference_index": "(4420,4440)",
    "reference": "Ursula von der Leyen",
    "reference_gender": "Female",
    "speaker_index": "(4420,4440)",
    "speaker_text": "Ursula von der Leyen"
  },
  {
    "quote_index": "(4654,4727)",
    "quote": "las tensiones del año pasado se debieron ya a la manipulación del Kremlin",
    "verb_index": "(4627,4633)",
    "verb": "admite",
    "speaker_index": "(4613,4626)",
    "speaker": "Von der Leyen",
    "reference_index": "(4420,4440)",
    "reference": "Ursula von der Leyen",
    "reference_gender": "Female"
  },
  {
    "quote_index": "(5702,5809)",
    "quote": "una propuesta de reforma del sistema de fijación de precios de la energía para el primer trimestre del 2023",
    "verb_index": "(5692,5701)",
    "verb": "anunciado",
    "speaker_index": "(5675,5688)",
    "speaker": "Von der Leyen",
    "reference_index": "(4420,4440)",
    "reference": "Ursula von der Leyen",
    "reference_gender": "Female"
  }
]