[
  {
    "quote_index": "(246,278)",
    "quote": "un perrito, “pero uno de verdad”",
    "verb_index": "(212,217)",
    "verb": "pedía",
    "reference_index": "(0,14)",
    "reference": "Maylos Rodrigo",
    "reference_gender": "Female"
  },
  {
    "quote_index": "(367,389)",
    "quote": "“Es culpa de mi letra”",
    "verb_index": "(394,399)",
    "verb": "decía",
    "speaker_index": "(400,404)",
    "speaker": "ella",
    "reference_index": "(0,14)",
    "reference": "Maylos Rodrigo",
    "reference_gender": "Female"
  },
  {
    "quote_index": "(470,570)",
    "quote": "“Yo no comprendía por qué podía haber un pastor alemán en el segundo, y no un perrito en el tercero”",
    "reference_index": "(0,14)",
    "reference": "Maylos Rodrigo",
    "reference_gender": "Female"
  },
  {
    "quote_index": "(2618,2624)",
    "quote": "“Toca”",
    "verb_index": "(2611,2616)",
    "verb": "decía",
    "reference_index": "(2312,2316)",
    "reference": "Nico",
    "reference_gender": "Male",
    "speaker_index": "(2312,2316)",
    "speaker_text": "Nico"
  },
  {
    "quote_index": "(2817,2871)",
    "quote": "“Te dejo que me pinches, pero solo un poquito, ¿vale?”",
    "verb_index": "(2876,2880)",
    "verb": "dijo",
    "reference_index": "(2312,2316)",
    "reference": "Nico",
    "reference_gender": "Male"
  },
  {
    "quote_index": "(5277,5342)",
    "quote": "“La víspera de su visita al CAP estuvo llorando y muy angustiada”",
    "verb_index": "(5344,5351)",
    "verb": "explica",
    "reference_index": "(5362,5370)",
    "reference": "Patrícia",
    "reference_gender": "Female",
    "speaker_index": "(5362,5370)",
    "speaker_text": "Patrícia"
  },
  {
    "quote_index": "(6534,6568)",
    "quote": "en realidad “solo saca los miedos”",
    "verb_index": "(6520,6529)",
    "verb": "responder",
    "speaker_index": "(6496,6506)",
    "speaker": "La doctora",
    "reference_index": "(0,14)",
    "reference": "Maylos Rodrigo",
    "reference_gender": "Female"
  }
]