[
  {
    "quote_index": "(252,485)",
    "quote": "\"En consulta con Su Majestad el Rey y el resto de la familia inmediata, he decidido que, en este momento, no continuaré con mis deberes oficiales como patrocinador de varias organizaciones. Alguien más en la familia asumirá mi papel\"",
    "verb_index": "(490,498)",
    "verb": "afirmado",
    "reference_index": "(0,22)",
    "reference": "Marta Luisa de Noruega",
    "reference_gender": "Female"
  },
  {
    "quote_index": "(1128,1300)",
    "quote": "este paso atrás como miembro trabajador de la familia real \"traiga mayor paz tanto para la casa real en su importante trabajo como para mi prometido Durek Verret y para mí\"",
    "verb_index": "(1117,1123)",
    "verb": "espera",
    "speaker_index": "(1108,1116)",
    "speaker": "princesa",
    "reference_index": "(0,22)",
    "reference": "Marta Luisa de Noruega",
    "reference_gender": "Female"
  },
  {
    "quote_index": "(1525,1607)",
    "quote": "a lo largo de su vida le ha interesado \"profundamente la salud y la investigación\"",
    "verb_index": "(1504,1508)",
    "verb": "dice",
    "speaker_index": "(1509,1520)",
    "speaker": "Marta Luisa",
    "reference_index": "(0,22)",
    "reference": "Marta Luisa de Noruega",
    "reference_gender": "Female"
  },
  {
    "quote_index": "(1625,1990)",
    "quote": "ser \"consciente de la importancia del conocimiento basado en la investigación en los avances de las profesiones relacionadas con la salud\", para ella son importantes más complementos: \"Otras áreas de la vida, como la espiritualidad, la intimidad con otras personas y animales, el yoga y la meditación, los efectos medicinales quizás se entiendan o documenten menos\"",
    "verb_index": "(1618,1624)",
    "verb": "afirma",
    "reference_index": "(0,22)",
    "reference": "Marta Luisa de Noruega",
    "reference_gender": "Female"
  },
  {
    "quote_index": "(2009,2079)",
    "quote": "visita \"al médico, pero también uso acupuntura y trabajo con energías\"",
    "verb_index": "(1997,2004)",
    "verb": "asegura",
    "reference_index": "(0,22)",
    "reference": "Marta Luisa de Noruega",
    "reference_gender": "Female"
  },
  {
    "quote_index": "(2199,2419)",
    "quote": "\"Me preocupa la salud y la investigación y tengo una educación en el campo de la salud como fisioterapeuta y respeto la medicina escolar. Veo la medicina alternativa como un complemento importante de la medicina escolar\"",
    "verb_index": "(2424,2432)",
    "verb": "resumido",
    "reference_index": "(0,22)",
    "reference": "Marta Luisa de Noruega",
    "reference_gender": "Female"
  },
  {
    "quote_index": "(2500,2712)",
    "quote": "de ahora en adelante sus puntos de vista personales sean tratados como \"únicamente míos\", y de la misma manera espera que \"mis puntos de vista no se utilicen ni se interpreten como apoyo a las opiniones de otros\"",
    "verb_index": "(2489,2495)",
    "verb": "espera",
    "speaker_index": "(2477,2488)",
    "speaker": "la princesa",
    "reference_index": "(0,22)",
    "reference": "Marta Luisa de Noruega",
    "reference_gender": "Female"
  },
  {
    "quote_index": "(3357,3386)",
    "quote": "no sería una medida inminente",
    "verb_index": "(3348,3352)",
    "verb": "dijo",
    "reference_index": "(3192,3205)",
    "reference": "Haakon Magnus",
    "reference_gender": "Male",
    "speaker_index": "(3192,3205)",
    "speaker_text": "Haakon Magnus"
  },
  {
    "quote_index": "(3413,3676)",
    "quote": "\"Este es un tema que me resulta difícil. Por un lado, mi hermana se comprometió y conocí a Durek Verrett y creo que es agradable estar con él. Me gustaría que se sintiera bienvenido en nuestra familia. Al mismo tiempo, me siento muy responsable de la institución\"",
    "verb_index": "(3678,3685)",
    "verb": "explicó",
    "reference_index": "(3192,3205)",
    "reference": "Haakon Magnus",
    "reference_gender": "Male"
  },
  {
    "quote_index": "(4079,4190)",
    "quote": "considera \"normal\" que se generase este debate público, pues es \"parte de la democracia de la que participamos\"",
    "verb_index": "(4067,4074)",
    "verb": "confesó",
    "speaker_index": "(4048,4066)",
    "speaker": "el príncipe Haakon",
    "reference_index": "(3192,3205)",
    "reference": "Haakon Magnus",
    "reference_gender": "Male"
  },
  {
    "quote_index": "(4527,4556)",
    "quote": "la patente iba a ser retirada",
    "verb_index": "(4515,4522)",
    "verb": "anunció",
    "speaker_index": "(4504,4508)",
    "speaker": "ella"
  },
  {
    "quote_index": "(4843,4893)",
    "quote": "no volvería a usar su título con fines comerciales",
    "verb_index": "(4831,4838)",
    "verb": "anunció",
    "reference_index": "(0,22)",
    "reference": "Marta Luisa de Noruega",
    "reference_gender": "Female"
  }
]