[
  {
    "quote_index": "(674,946)",
    "quote": "\"Vimos que Nextflow era muy popular entre la comunidad científica -hoy la utilizan 12.000 personas en el mundo- y hace cuatro años decidimos crear la empresa Seqera Labs para explotar nuevas funcionalidades sobre la base del código abierto, cuyo uso sigue siendo gratuito\"",
    "verb_index": "(948,955)",
    "verb": "explica",
    "reference_index": "(502,513)",
    "reference": "Evan Folden",
    "reference_gender": "Male",
    "speaker_index": "(502,513)",
    "speaker_text": "Evan Folden"
  },
  {
    "quote_index": "(1741,1918)",
    "quote": "\"el dinero se invertirá en expandir el negocio por el mundo, poniendo el foco en los países donde se concentra la industria farmacéutica: Estados Unidos, Reino Unido y Alemania\"",
    "verb_index": "(1729,1736)",
    "verb": "asegura",
    "speaker_index": "(1715,1728)",
    "speaker": "El cofundador",
    "reference_index": "(516,532)",
    "reference": "Paolo di Tommaso",
    "reference_gender": "Male"
  },
  {
    "quote_index": "(2481,2566)",
    "quote": "el año pasado superó las pérdidas y que los ingresos han crecido de forma exponencial",
    "verb_index": "(2469,2476)",
    "verb": "asegura",
    "speaker_index": "(2462,2468)",
    "speaker": "Folden",
    "reference_index": "(502,513)",
    "reference": "Evan Folden",
    "reference_gender": "Male"
  },
  {
    "quote_index": "(2568,2643)",
    "quote": "\"En los próximos 18 meses superaremos los 10 millones de euros de ingresos\"",
    "verb_index": "(2645,2652)",
    "verb": "asegura",
    "speaker_index": "(2653,2667)",
    "speaker": "el emprendedor",
    "reference_index": "(502,513)",
    "reference": "Evan Folden",
    "reference_gender": "Male"
  }
]