[
  {
    "quote_index": "(2334,2558)",
    "quote": "prioritarias las relaciones con estos países, que a su juicio “se han visto perjudicadas en los últimos años por la pérdida de peso internacional de España”, lo que espera revertir cuando llegue a la presidencia del Gobierno",
    "verb_index": "(2324,2333)",
    "verb": "considera",
    "speaker_index": "(2224,2244)",
    "speaker": "El presidente del PP",
    "reference_index": "(301,321)",
    "reference": "Alberto Núñez Feijóo",
    "reference_gender": "Male"
  }
]