[
  {
    "quote_index": "(122,191)",
    "quote": "a su personaje en la película No mires a los ojos como \"casi gallego\"",
    "verb_index": "(112,121)",
    "verb": "describir",
    "reference_index": "(0,9)",
    "reference": "Paco León",
    "reference_gender": "Male",
    "speaker_index": "(0,9)",
    "speaker_text": "Paco León"
  },
  {
    "quote_index": "(703,751)",
    "quote": "el papel que interpretó como algo \"extrovertido\"",
    "verb_index": "(695,702)",
    "verb": "definía",
    "speaker_index": "(670,694)",
    "speaker": "El hermano de María León",
    "reference_index": "(0,9)",
    "reference": "Paco León",
    "reference_gender": "Male"
  },
  {
    "quote_index": "(753,1072)",
    "quote": "\"Agradezco mucho que me llamaran y que pensaran en mí para hacer de Damián, porque es un personaje que tiene muy poco que ver con las cosas que yo he hecho antes, que son personajes más extrovertidos más allá de la comedia o no. Este es muy para adentro. Este es una persona casi gallega y que tiene una pedradita dada\"",
    "verb_index": "(1074,1079)",
    "verb": "decía",
    "reference_index": "(0,9)",
    "reference": "Paco León",
    "reference_gender": "Male"
  },
  {
    "quote_index": "(1263,1288)",
    "quote": "\"Casi gallega me parece…\"",
    "verb_index": "(1290,1295)",
    "verb": "decía",
    "speaker_index": "(1296,1302)",
    "speaker": "Guerra",
    "reference_index": "(1216,1228)",
    "reference": "María Guerra",
    "reference_gender": "Female"
  },
  {
    "quote_index": "(1374,1470)",
    "quote": "\"Pero se me entiende, ¿no? Una persona que tiene ahí una galleguez, que tiene algo para adentro\"",
    "verb_index": "(1472,1480)",
    "verb": "insistía",
    "speaker_index": "(1481,1485)",
    "speaker": "León",
    "reference_index": "(0,9)",
    "reference": "Paco León",
    "reference_gender": "Male"
  },
  {
    "quote_index": "(1713,1777)",
    "quote": "\"nunca pensó que ser para adentro fuera nada malo ni peyorativo\"",
    "verb_index": "(1699,1708)",
    "verb": "aseguraba",
    "speaker_index": "(1685,1698)",
    "speaker": "el intérprete",
    "reference_index": "(0,9)",
    "reference": "Paco León",
    "reference_gender": "Male"
  },
  {
    "quote_index": "(1779,1994)",
    "quote": "\"A tenor de los insultos recibidos me queda claro que l@s galleg@s no son tan para adentro. Nunca pensé que ser para adentro fuera nada malo ni peyorativo, pero si a alguien ofendí, me disculpo. No fue mi intención\"",
    "verb_index": "(1996,2005)",
    "verb": "declaraba",
    "reference_index": "(0,9)",
    "reference": "Paco León",
    "reference_gender": "Male"
  }
]