[
  {
    "quote_index": "(521,672)",
    "quote": "“Tenemos en muchas ocasiones médicos llenos de activismo político, de personas que iban en las listas electorales de otros partidos y se ponen la bata”",
    "verb_index": "(674,681)",
    "verb": "insiste",
    "speaker_index": "(352,375)",
    "speaker": "la presidenta madrileña",
    "reference_index": "(260,277)",
    "reference": "Isabel Díaz Ayuso",
    "reference_gender": "Female"
  },
  {
    "quote_index": "(814,876)",
    "quote": "duras acusaciones a Ayuso por “desmantelar la sanidad pública”",
    "verb_index": "(806,813)",
    "verb": "lanzaba",
    "reference_index": "(738,753)",
    "reference": "Carolina Darias",
    "reference_gender": "Female",
    "speaker_index": "(738,753)",
    "speaker_text": "Carolina Darias"
  },
  {
    "quote_index": "(878,1052)",
    "quote": "Según el Sistema de Información de Atención Primaria (SIAP), dijo la ministra, en todo el Sistema Nacional de Salud ha habido un incremento de plantillas desde 2018 de un 30%",
    "verb_index": "(939,943)",
    "verb": "dijo",
    "speaker_index": "(944,955)",
    "speaker": "la ministra",
    "reference_index": "(260,277)",
    "reference": "Isabel Díaz Ayuso",
    "reference_gender": "Female"
  },
  {
    "quote_index": "(3180,3212)",
    "quote": "el modelo de Madrid de “ayusada”",
    "verb_index": "(3171,3179)",
    "verb": "calificó",
    "reference_index": "(3156,3169)",
    "reference": "Pilar Alegría",
    "reference_gender": "Female",
    "speaker_index": "(3156,3169)",
    "speaker_text": "Pilar Alegría"
  },
  {
    "quote_index": "(3629,3753)",
    "quote": "La atención online puede provocar “errores muy graves” y poner en riesgo la seguridad tanto del enfermo como del profesional",
    "verb_index": "(3755,3762)",
    "verb": "subraya",
    "reference_index": "(3867,3880)",
    "reference": "Javier Ortega",
    "reference_gender": "Male",
    "speaker_index": "(3867,3880)",
    "speaker_text": "Javier Ortega"
  },
  {
    "quote_index": "(3901,3971)",
    "quote": "la atención a través de una pantalla en este ámbito es “una temeridad”",
    "verb_index": "(3887,3896)",
    "verb": "considera",
    "speaker_index": "(3882,3886)",
    "speaker": "Éste",
    "reference_index": "(3867,3880)",
    "reference": "Javier Ortega",
    "reference_gender": "Male"
  }
]