[
  {
    "quote_index": "(70,307)",
    "quote": "a todos los gobiernos que graven “los beneficios extraordinarios” de las empresas petroleras y gasistas para ayudar a las personas y a los países a hacer frente a la subida de precios de la energía y a los impactos de la crisis climática",
    "verb_index": "(63,69)",
    "verb": "pedido",
    "reference_index": "(42,58)",
    "reference": "António Guterres",
    "reference_gender": "Male",
    "speaker_index": "(42,58)",
    "speaker_text": "António Guterres"
  },
  {
    "quote_index": "(309,624)",
    "quote": "“Os pido que todos los gobiernos cobren impuestos sobre los beneficios extraordinarios de las empresas de combustibles fósiles. Redirijamos el dinero a las personas que luchan contra el aumento de los precios de los alimentos y la energía y a los países que sufren pérdidas y daños causados por la crisis climática”",
    "verb_index": "(626,632)",
    "verb": "señaló",
    "reference_index": "(42,58)",
    "reference": "António Guterres",
    "reference_gender": "Male"
  },
  {
    "quote_index": "(714,1010)",
    "quote": "“Las emisiones de gases de efecto invernadero siguen creciendo. Las temperaturas globales siguen aumentando. Y nuestro planeta se acerca rápidamente a puntos de inflexión que harán que el caos climático sea irreversible. Estamos en una carretera al infierno climático con el pie en el acelerador”",
    "verb_index": "(1012,1019)",
    "verb": "declaró",
    "reference_index": "(42,58)",
    "reference": "António Guterres",
    "reference_gender": "Male"
  },
  {
    "quote_index": "(1171,1397)",
    "quote": "a los daños que ocasiona la dependencia de los combustibles fósiles y a la necesidad de reconocer que “no hay forma de adaptarse a un número creciente de eventos catastróficos que causan un enorme sufrimiento en todo el mundo”",
    "verb_index": "(1163,1170)",
    "verb": "refirió",
    "speaker_index": "(1151,1159)",
    "speaker": "Guterres",
    "reference_index": "(42,58)",
    "reference": "António Guterres",
    "reference_gender": "Male"
  },
  {
    "quote_index": "(1491,1688)",
    "quote": "“los impactos mortales del cambio climático están aquí y ahora”, y “las pérdidas y los daños –en forma de estragos en determinadas zonas del planeta– ya no se pueden esconder debajo de la alfombra”",
    "verb_index": "(1479,1486)",
    "verb": "Recalcó",
    "reference_index": "(42,58)",
    "reference": "António Guterres",
    "reference_gender": "Male"
  },
  {
    "quote_index": "(1699,1905)",
    "quote": "igualmente razones “de imperativo moral”, “solidaridad internacional” y “justicia climática”, puesto que “los que menos contribuyeron a la crisis climática están cosechando el torbellino sembrado por otros”",
    "verb_index": "(1690,1698)",
    "verb": "Esgrimió",
    "reference_index": "(42,58)",
    "reference": "António Guterres",
    "reference_gender": "Male"
  },
  {
    "quote_index": "(1956,2194)",
    "quote": "“un pacto histórico” y “de solidaridad” entre economías desarrolladas y emergentes, con la finalidad de que todos los países hagan “un esfuerzo extra para reducir las emisiones esta década” para detener el aumento de temperaturas en 1,5ºC",
    "verb_index": "(1948,1955)",
    "verb": "reclamó",
    "speaker_index": "(1907,1947)",
    "speaker": "El secretario general de Naciones Unidas",
    "reference_index": "(42,58)",
    "reference": "António Guterres",
    "reference_gender": "Male"
  },
  {
    "quote_index": "(2196,2315)",
    "quote": "“La humanidad tiene una opción: cooperar o perecer, un pacto de solidaridad climática o un pacto de suicidio colectivo”",
    "verb_index": "(2317,2321)",
    "verb": "dijo",
    "reference_index": "(42,58)",
    "reference": "António Guterres",
    "reference_gender": "Male"
  },
  {
    "quote_index": "(2357,2568)",
    "quote": "“los países más ricos y las instituciones financieras internacionales brinden asistencia financiera y técnica para ayudar a las economías emergentes a acelerar su propia transición hacia las energías renovables”",
    "reference_index": "(42,58)",
    "reference": "António Guterres",
    "reference_gender": "Male"
  },
  {
    "quote_index": "(2590,2685)",
    "quote": "“poner fin a la dependencia de los combustibles fósiles y la construcción de plantas de carbón”",
    "verb_index": "(2582,2589)",
    "verb": "reclamó",
    "reference_index": "(42,58)",
    "reference": "António Guterres",
    "reference_gender": "Male"
  },
  {
    "quote_index": "(2803,2995)",
    "quote": "“La guerra en Ucrania ha expuesto los profundos riesgos de nuestra adicción a los combustibles fósiles. Y las crisis urgentes de hoy no pueden ser una excusa para la recaída o el lavado verde”",
    "verb_index": "(2997,3004)",
    "verb": "recalcó",
    "reference_index": "(42,58)",
    "reference": "António Guterres",
    "reference_gender": "Male"
  },
  {
    "quote_index": "(4754,4784)",
    "quote": "“Siempre queremos más líderes”",
    "verb_index": "(4786,4794)",
    "verb": "contestó",
    "reference_index": "(4876,4888)",
    "reference": "Simon Stiell",
    "reference_gender": "Male",
    "speaker_index": "(4876,4888)",
    "speaker_text": "Simon Stiell"
  },
  {
    "quote_index": "(4931,5035)",
    "quote": "“Pero creo que hay suficiente (liderazgo) en este momento para que tengamos un resultado muy productivo”",
    "verb_index": "(5037,5044)",
    "verb": "precisó",
    "reference_index": "(4876,4888)",
    "reference": "Simon Stiell",
    "reference_gender": "Male"
  },
  {
    "quote_index": "(5854,6017)",
    "quote": "Las últimas “contribuciones nacionales”, si se respetaran plenamente, dejarían al mundo en una trayectoria de +2,4°C en el mejor de los casos para finales de siglo",
    "reference_index": "(6028,6031)",
    "reference": "ONU",
    "reference_gender": "Unknown",
    "speaker_index": "(6028,6031)",
    "speaker_text": "ONU",
    "trigger_index": "(6019,6024)",
    "trigger": "según"
  },
  {
    "quote_index": "(6467,6661)",
    "quote": "el máximo compromiso político en la lucha contra el cambio climático y que no se use la crisis energética derivada de la guerra en Ucrania como excusa para relegarla y “faltar a la palabra dada”",
    "verb_index": "(6440,6445)",
    "verb": "pidió",
    "reference_index": "(6425,6438)",
    "reference": "Pedro Sánchez",
    "reference_gender": "Male",
    "speaker_index": "(6425,6438)",
    "speaker_text": "Pedro Sánchez"
  },
  {
    "quote_index": "(6673,6774)",
    "quote": "por el contrario, la crisis debe ser “una motivación adicional para acelerar la transición ecológica”",
    "verb_index": "(6663,6667)",
    "verb": "Dijo",
    "reference_index": "(6425,6438)",
    "reference": "Pedro Sánchez",
    "reference_gender": "Male"
  },
  {
    "quote_index": "(6794,6820)",
    "quote": "así lo está haciendo la UE",
    "verb_index": "(6780,6789)",
    "verb": "defendido",
    "reference_index": "(6425,6438)",
    "reference": "Pedro Sánchez",
    "reference_gender": "Male"
  },
  {
    "quote_index": "(7577,7718)",
    "quote": "“Esperamos que nuestros esfuerzos e inversiones formen parte de las soluciones para alcanzar una industria marítima con cero emisiones netas”",
    "verb_index": "(7720,7727)",
    "verb": "aseveró",
    "speaker_index": "(7728,7735)",
    "speaker": "Sánchez",
    "reference_index": "(6425,6438)",
    "reference": "Pedro Sánchez",
    "reference_gender": "Male"
  }
]