[
  {
    "quote_index": "(203,343)",
    "quote": "el mundo va derecho hacia un suicidio colectivo si no se reacciona de inmediato frente al cambio climático, ya que se acelera peligrosamente",
    "verb_index": "(189,198)",
    "verb": "advertido",
    "reference_index": "(169,185)",
    "reference": "António Guterres",
    "reference_gender": "Male",
    "speaker_index": "(169,185)",
    "speaker_text": "António Guterres"
  },
  {
    "quote_index": "(1174,1323)",
    "quote": "muy claro al afirmar que la humanidad debe escoger entre cooperar o perecer, entre un pacto de solidaridad climática o un pacto de suicidio colectivo",
    "verb_index": "(1169,1173)",
    "verb": "sido",
    "speaker_index": "(1157,1165)",
    "speaker": "Guterres",
    "reference_index": "(169,185)",
    "reference": "António Guterres",
    "reference_gender": "Male"
  },
  {
    "quote_index": "(3404,3650)",
    "quote": "a invertir masivamente en las energías renovables para sustituir los combustibles fósiles, porque ello no solo hará las economías más verdes, sino también más autosuficientes y con suministro energético más barato para los países y sus ciudadanos",
    "verb_index": "(3371,3378)",
    "verb": "apelado",
    "reference_index": "(3349,3366)",
    "reference": "Christine Lagarde",
    "reference_gender": "Female",
    "speaker_index": "(3349,3366)",
    "speaker_text": "Christine Lagarde"
  },
  {
    "quote_index": "(3681,3749)",
    "quote": "acelerar la transición verde nunca ha sido tan importante como ahora",
    "verb_index": "(3665,3671)",
    "verb": "afirma",
    "speaker_index": "(3672,3679)",
    "speaker": "Lagarde",
    "reference_index": "(3349,3366)",
    "reference": "Christine Lagarde",
    "reference_gender": "Female"
  },
  {
    "quote_index": "(3785,3902)",
    "quote": "a la humanidad le toca elegir si quiere seguir hacia el suicidio colectivo o apostar por la supervivencia del planeta",
    "verb_index": "(3765,3774)",
    "verb": "advertido",
    "speaker_index": "(3775,3783)",
    "speaker": "Guterres",
    "reference_index": "(169,185)",
    "reference": "António Guterres",
    "reference_gender": "Male"
  }
]