[
  {
    "quote_index": "(619,806)",
    "quote": "“El día del evento es como el día del estreno de una película o de una obra de teatro. Pero nosotras nos lo jugamos todo a un solo pase. Por lo tanto, siempre trabajamos en la excelencia”",
    "verb_index": "(808,815)",
    "verb": "destaca",
    "reference_index": "(850,875)",
    "reference": "Anne-Laure Sauvage Cayrol",
    "reference_gender": "Female",
    "speaker_index": "(850,875)",
    "speaker_text": "Anne-Laure Sauvage Cayrol"
  },
  {
    "quote_index": "(1163,1304)",
    "quote": "“Hemos llegado a movilizar a más de 300 personas en lugares tan dispares como Dubái, Bangkok, Dakar, Sudáfrica, California o por toda Europa”",
    "verb_index": "(1306,1312)",
    "verb": "apunta",
    "speaker_index": "(1313,1318)",
    "speaker": "Lluch",
    "reference_index": "(965,976)",
    "reference": "Núria Lluch",
    "reference_gender": "Female"
  },
  {
    "quote_index": "(2131,2504)",
    "quote": "“Más de medio siglo después, organizamos un estreno único y exclusivo para los 200 pasajeros del crucero internacional 2022 World Cruise de Silversea, durante la celebración de la fiesta Carmen comes home. Contamos con los prestigiosos bailarines Sergio Bernal y Giada Rossi, junto con artistas de LaFACT, Factoria Cultural de Terrassa, y la Orquestra Simfònica del Vallès”",
    "reference_index": "(936,950)",
    "reference": "Analisa Millan",
    "reference_gender": "Female"
  },
  {
    "quote_index": "(2530,2671)",
    "quote": "“Superar las expectativas del cliente, sorprenderle, mientras disfruta de una experiencia divertida y única, con mucha creatividad y empatía”",
    "verb_index": "(2673,2679)",
    "verb": "apunta",
    "speaker_index": "(2680,2686)",
    "speaker": "Millan",
    "reference_index": "(936,950)",
    "reference": "Analisa Millan",
    "reference_gender": "Female"
  },
  {
    "quote_index": "(2807,2885)",
    "quote": "“Este año lo cerraremos con tres millones y en el 2023 prevemos crecer un 10%”",
    "verb_index": "(2887,2895)",
    "verb": "confirma",
    "speaker_index": "(2896,2908)",
    "speaker": "la directora",
    "reference_index": "(850,875)",
    "reference": "Anne-Laure Sauvage Cayrol",
    "reference_gender": "Female"
  }
]