[
  {
    "quote_index": "(1563,2164)",
    "quote": "\"El origen de todo este dominó es que había que cerrar Casa de Campo por un compromiso con Vox. Se los llevan a una finca en medio de la nada, con las rejas bien altas. Como si hubiera que encerrarlos y sin ninguna posibilidad de integrarse. Estos menores no tienen a nadie, no se les da formación y a los 18 años se los echa a la calle. Da igual si tienen alguna patología o necesidad especial, o si no tienen ni para comer; no tienen apoyo. Las condiciones en las que viven son penosas, en muchas ocasiones durmiendo en el suelo y con una comida mala y escasa, lo que, además, genera conflictividad\"",
    "verb_index": "(2166,2172)",
    "verb": "afirma",
    "reference_index": "(2173,2187)",
    "reference": "Lorena Morales",
    "reference_gender": "Female",
    "speaker_index": "(2173,2187)",
    "speaker_text": "Lorena Morales"
  },
  {
    "quote_index": "(3325,3379)",
    "quote": "cerraría y \"reorganizaría\" diversos centros de acogida",
    "verb_index": "(3313,3320)",
    "verb": "anunció",
    "reference_index": "(3292,3311)",
    "reference": "José Manuel Miranda",
    "reference_gender": "Male",
    "speaker_index": "(3292,3311)",
    "speaker_text": "José Manuel Miranda"
  },
  {
    "quote_index": "(4565,4752)",
    "quote": "\"Son niños que por diversos motivos no pueden convivir con su familia y que requieren una atención constante y especializada, por lo que difícilmente pueden optar al acogimiento familiar\"",
    "verb_index": "(4754,4761)",
    "verb": "explica",
    "reference_index": "(4762,4776)",
    "reference": "Covadonga Díaz",
    "reference_gender": "Female",
    "speaker_index": "(4762,4776)",
    "speaker_text": "Covadonga Díaz"
  },
  {
    "quote_index": "(4871,5071)",
    "quote": "desde el año 1997 la Comunidad de Madrid no convoca una oferta de empleo público para cubrir plazas en residencias de menores, y que en esa ocasión solo se abrieron siete \"cuando se necesitan cientos\"",
    "verb_index": "(4858,4866)",
    "verb": "Recuerda",
    "reference_index": "(4762,4776)",
    "reference": "Covadonga Díaz",
    "reference_gender": "Female"
  },
  {
    "quote_index": "(5083,5210)",
    "quote": "\"un 85% de los que trabajamos con menores somos temporales\" y que en un 80% se trata de mujeres que tienen ahora más de 50 años",
    "reference_index": "(4762,4776)",
    "reference": "Covadonga Díaz",
    "reference_gender": "Female"
  },
  {
    "quote_index": "(5567,5624)",
    "quote": "serían trasladados a dos centros públicos de la Comunidad",
    "verb_index": "(5556,5562)",
    "verb": "afirmó",
    "speaker_index": "(5536,5555)",
    "speaker": "El gerente del AMAS",
    "reference_index": "(3292,3311)",
    "reference": "José Manuel Miranda",
    "reference_gender": "Male"
  },
  {
    "quote_index": "(7348,7522)",
    "quote": "la incongruencia de que la ciudad escolar de San Fernando, a donde se llevarán los menores que ahora están en el ICE, está en la nacional 607, cuando ahora están en Hortaleza",
    "verb_index": "(7340,7347)",
    "verb": "resalta",
    "reference_index": "(7280,7290)",
    "reference": "Juan Calle",
    "reference_gender": "Male",
    "speaker_index": "(7280,7290)",
    "speaker_text": "Juan Calle"
  },
  {
    "quote_index": "(7524,7739)",
    "quote": "\"Esto no solo dificultará la integración de los menores, sino también la posibilidad de los padres y madres de visitarlos, puesto que tendrán que viajar durante dos horas en cada sentido para perder ver a sus hijos\"",
    "reference_index": "(7280,7290)",
    "reference": "Juan Calle",
    "reference_gender": "Male"
  },
  {
    "quote_index": "(8033,8679)",
    "quote": "\"La Comunidad de Madrid dice que los niños pequeños deben estar en acogimiento familiar. Estamos de acuerdo. Pero hay que buscar esos acogimientos. Lo están haciendo al revés. Porque por mucho que nos diga la Comunidad que hay familias, sabemos que no las hay ni las han buscado. El proceso es complejo y precisa de personal y, sobre todo, de fondos destinados. Sin embargo han decidido cerrar los centros y cambiar a los niños antes de tener a las familias. El cambio será concentrarlos en centros privados concertados. Cuando un recurso público desaparece o se cierra no vuelve. Eso es lo que hemos visto en las últimas décadas. Es pulverizado\"",
    "verb_index": "(8681,8687)",
    "verb": "afirma",
    "reference_index": "(7280,7290)",
    "reference": "Juan Calle",
    "reference_gender": "Male",
    "speaker_index": "(7280,7290)",
    "speaker_text": "Juan Calle"
  },
  {
    "quote_index": "(8742,9081)",
    "quote": "en las últimas tres décadas el número de plazas públicas de gestión directa ha disminuido y que se han incrementado las plazas en centros concertados, cuya gestión se licita a empresas privadas, algunas de las cuales no tienen experiencia en el sector y que en cualquier caso buscan el beneficio en lugar del mejor cuidado para los menores",
    "verb_index": "(8728,8737)",
    "verb": "denuncian",
    "reference_index": "(8724,8727)",
    "reference": "UGT",
    "reference_gender": "Unknown",
    "speaker_index": "(8724,8727)",
    "speaker_text": "UGT"
  },
  {
    "quote_index": "(9198,9663)",
    "quote": "\"La Comundiad de Madrid comenzó el proceso de cierre con una falacia. Afirmaban tener familias de acogida para los niños, tal como marca la ley. Pero la realidad es que no es cierto. El último plan que existe y que venció en 2021, ya decía que las familias de acogida iban a la baja. Tampoco hay suficientes técnicos para realizar ese proceso y revisar cientos de expedientes. Por lo que hemos visto como aumenta el acogimiento residencial que ahora quieren cerrar\"",
    "verb_index": "(9665,9670)",
    "verb": "añade",
    "reference_index": "(4762,4776)",
    "reference": "Covadonga Díaz",
    "reference_gender": "Female",
    "speaker_index": "(4762,4776)",
    "speaker_text": "Covadonga Díaz"
  },
  {
    "quote_index": "(9723,9806)",
    "quote": "un nuevo plan de acogimiento familiar para niños tutelados a mediados de septiembre",
    "verb_index": "(9715,9722)",
    "verb": "anunció",
    "reference_index": "(334,351)",
    "reference": "Isabel Díaz Ayuso",
    "reference_gender": "Female",
    "speaker_index": "(334,351)",
    "speaker_text": "Isabel Díaz Ayuso"
  },
  {
    "quote_index": "(10143,10261)",
    "quote": "no saber con exactitud cuántos de estos centros existen concertados, es decir, cuya gestión se ha cedido a una empresa",
    "verb_index": "(10135,10142)",
    "verb": "afirman",
    "reference_index": "(8724,8727)",
    "reference": "UGT",
    "reference_gender": "Unknown",
    "speaker_index": "(8724,8727)",
    "speaker_text": "UGT"
  },
  {
    "quote_index": "(10276,10362)",
    "quote": "que el 70% de las plazas que existen en la actualidad están bajo esta última modalidad",
    "verb_index": "(10268,10275)",
    "verb": "afirman",
    "reference_index": "(8724,8727)",
    "reference": "UGT",
    "reference_gender": "Unknown",
    "speaker_index": "(8724,8727)",
    "speaker_text": "UGT"
  },
  {
    "quote_index": "(10381,10467)",
    "quote": "la opacidad de los fondos destinados por el Gobierno de Madrid a esta política pública",
    "verb_index": "(10372,10380)",
    "verb": "critican",
    "reference_index": "(8724,8727)",
    "reference": "UGT",
    "reference_gender": "Unknown"
  },
  {
    "quote_index": "(10469,10884)",
    "quote": "\"Hace unos años las política de infancia estaba en el Instituto Madrileño del Menor y la Familia, pero esto cambió y los presupuestos se fueron repartiendo en distintos organismos, por lo que es difícil saber cuánto se está dedicando. Sabemos que han ido a la baja, excepto por una inversión puntual en 2018 debido a la llegada de menores extranjeros no acompañados. Pero la tendencia es a la reducción de partidas\"",
    "verb_index": "(10886,10893)",
    "verb": "explica",
    "reference_index": "(10894,10913)",
    "reference": "José Manuel Íñiguez",
    "reference_gender": "Male",
    "speaker_index": "(10894,10913)",
    "speaker_text": "José Manuel Íñiguez"
  },
  {
    "quote_index": "(10990,11017)",
    "quote": "se trata de un gran negocio",
    "verb_index": "(10979,10985)",
    "verb": "afirma",
    "reference_index": "(7280,7290)",
    "reference": "Juan Calle",
    "reference_gender": "Male",
    "speaker_index": "(7280,7290)",
    "speaker_text": "Juan Calle"
  },
  {
    "quote_index": "(11695,11895)",
    "quote": "\"Lo que sabemos es que hay un plan para cerrar todos los centros de gestión pública de la Comunidad. El Rosa lo cerrarán en 2024. en 2025 está previsto que no haya centros de acogida entre 0 y 6 años\"",
    "verb_index": "(11897,11903)",
    "verb": "afirma",
    "speaker_index": "(11904,11908)",
    "speaker": "Diaz",
    "reference_index": "(334,351)",
    "reference": "Isabel Díaz Ayuso",
    "reference_gender": "Female"
  },
  {
    "quote_index": "(11930,12010)",
    "quote": "esto no se puede hacer si el acogimiento de estos menores en familias no va bien",
    "verb_index": "(11923,11928)",
    "verb": "añade",
    "reference_index": "(334,351)",
    "reference": "Isabel Díaz Ayuso",
    "reference_gender": "Female"
  },
  {
    "quote_index": "(12026,12065)",
    "quote": "La Comunidad de Madrid no tiene un plan",
    "verb_index": "(12067,12073)",
    "verb": "afirma",
    "reference_index": "(334,351)",
    "reference": "Isabel Díaz Ayuso",
    "reference_gender": "Female"
  }
]