[
  {
    "quote_index": "(1542,1588)",
    "quote": "el notable ascenso de su partido bajo su mando",
    "verb_index": "(1536,1541)",
    "verb": "evocó",
    "speaker_index": "(1529,1535)",
    "speaker": "Le Pen",
    "reference_index": "(112,125)",
    "reference": "Marine Le Pen",
    "reference_gender": "Female"
  },
  {
    "quote_index": "(1600,1623)",
    "quote": "seguir al pie del cañón",
    "verb_index": "(1591,1599)",
    "verb": "prometió",
    "speaker_index": "(1529,1535)",
    "speaker": "Le Pen",
    "reference_index": "(112,125)",
    "reference": "Marine Le Pen",
    "reference_gender": "Female"
  },
  {
    "quote_index": "(1625,1806)",
    "quote": "\"No dejo la presidencia de nuestro movimiento para irme de vacaciones. Sigo movilizada. No habrá reposo para mí, como para ninguno de nosotros, hasta que hayamos enderezado el país\"",
    "verb_index": "(1808,1812)",
    "verb": "dijo",
    "speaker_index": "(1813,1839)",
    "speaker": "la líder ultranacionalista",
    "reference_index": "(112,125)",
    "reference": "Marine Le Pen",
    "reference_gender": "Female"
  }
]