[
  {
    "quote_index": "(1720,1813)",
    "quote": "\"analiza el presente para imaginar el futuro e imagina el futuro para comprender el presente\"",
    "reference_index": "(1986,2005)",
    "reference": "Luis García Montero",
    "reference_gender": "Male"
  },
  {
    "quote_index": "(2097,2183)",
    "quote": "la escritora siempre ha querido \"hacer de la historia el terreno de la vida cotidiana\"",
    "verb_index": "(2085,2092)",
    "verb": "recordó",
    "reference_index": "(1986,2005)",
    "reference": "Luis García Montero",
    "reference_gender": "Male",
    "speaker_index": "(1986,2005)",
    "speaker_text": "Luis García Montero"
  },
  {
    "quote_index": "(4201,4341)",
    "quote": "\"Ella decidió responder con la literatura\" a \"los desamparos de la vida\", como ya había hecho con Los besos en el pan tras la crisis de 2008",
    "verb_index": "(4343,4350)",
    "verb": "explicó",
    "speaker_index": "(4351,4365)",
    "speaker": "García Montero",
    "reference_index": "(1986,2005)",
    "reference": "Luis García Montero",
    "reference_gender": "Male"
  },
  {
    "quote_index": "(4509,4918)",
    "quote": "Almudena Grandes pone en solfa una \"sociedad narcisista y hedonista\" que nos conduce al barranco del totalitarismo de \"quienes hacen negocios sin escrúpulos\", \"convierten el país en un mercado\", \"entienden la libertad sin un marco social de convivencia\" y minan la credibilidad de la política, la justicia y los medios, síntomas de una deriva totalitaria y populista que la autora percibió durante la pandemia",
    "speaker_index": "(4926,4961)",
    "speaker": "el director del Instituto Cervantes",
    "reference_index": "(1986,2005)",
    "reference": "Luis García Montero",
    "reference_gender": "Male",
    "trigger_index": "(4920,4925)",
    "trigger": "según"
  },
  {
    "quote_index": "(5478,5563)",
    "quote": "\"El heroísmo está representado por una gente que puede ser una asociación de vecinos\"",
    "verb_index": "(5565,5571)",
    "verb": "afirmó",
    "speaker_index": "(5572,5586)",
    "speaker": "García Montero",
    "reference_index": "(1986,2005)",
    "reference": "Luis García Montero",
    "reference_gender": "Male"
  },
  {
    "quote_index": "(5588,5665)",
    "quote": "\"El todo va a mejorar de los canallas se convierte en la ilusión de El Monte\"",
    "reference_index": "(1986,2005)",
    "reference": "Luis García Montero",
    "reference_gender": "Male"
  },
  {
    "quote_index": "(5745,5821)",
    "quote": "\"el modelo de empresario que sonríe, pero que quiere tener las manos libres\"",
    "verb_index": "(5731,5739)",
    "verb": "calificó",
    "speaker_index": "(5667,5685)",
    "speaker": "El poeta granadino",
    "reference_index": "(1986,2005)",
    "reference": "Luis García Montero",
    "reference_gender": "Male"
  },
  {
    "quote_index": "(6392,6451)",
    "quote": "\"Es importante aprender a perder para no darse por vencido\"",
    "verb_index": "(6322,6326)",
    "verb": "dice",
    "speaker_index": "(6327,6341)",
    "speaker": "García Montero",
    "reference_index": "(1986,2005)",
    "reference": "Luis García Montero",
    "reference_gender": "Male"
  }
]