[
  {
    "quote_index": "(603,746)",
    "quote": "en el estado de Gujarat, donde tuvo lugar el suceso, también han sido arrestados dos contratistas, dos taquilleros y tres guardias de seguridad",
    "reference_index": "(587,601)",
    "reference": "Rahul Tripathi",
    "reference_gender": "Male",
    "speaker_index": "(587,601)",
    "speaker_text": "Rahul Tripathi",
    "trigger_index": "(525,530)",
    "trigger": "Según"
  },
  {
    "quote_index": "(910,1106)",
    "quote": "se ha abierto una investigación para esclarecer lo sucedido y se espera que se realicen más arrestos de los responsables de la renovación de este puente, a los que acusan de homicidio involuntario",
    "verb_index": "(893,902)",
    "verb": "informado",
    "reference_index": "(871,888)",
    "reference": "Ashok Kumar Yadav",
    "reference_gender": "Male",
    "speaker_index": "(871,888)",
    "speaker_text": "Ashok Kumar Yadav"
  },
  {
    "quote_index": "(2795,2865)",
    "quote": "el más grave de este tipo registrado en las últimas décadas en el país",
    "verb_index": "(2867,2874)",
    "verb": "precisó",
    "speaker_index": "(2875,2880)",
    "speaker": "Yadav",
    "reference_index": "(871,888)",
    "reference": "Ashok Kumar Yadav",
    "reference_gender": "Male"
  },
  {
    "quote_index": "(2985,3124)",
    "quote": "aunque los operadores abrieron el puente al público, las autoridades regionales no habían otorgado el permiso de aptitud tras la renovación",
    "verb_index": "(2967,2974)",
    "verb": "aseguró",
    "reference_index": "(2948,2965)",
    "reference": "Sandeepsinh Jhala",
    "reference_gender": "Male",
    "speaker_index": "(2948,2965)",
    "speaker_text": "Sandeepsinh Jhala"
  },
  {
    "quote_index": "(3526,3686)",
    "quote": "a la agencia local de noticias ANI el momento en el que vio a un grupo de jóvenes sacudiendo la estructura cuando \"escucharon tres ruidos y el puente se rompió\"",
    "verb_index": "(3519,3525)",
    "verb": "relató",
    "reference_index": "(3463,3475)",
    "reference": "Ashwin Mehra",
    "reference_gender": "Male",
    "speaker_index": "(3463,3475)",
    "speaker_text": "Ashwin Mehra"
  },
  {
    "quote_index": "(3795,3856)",
    "quote": "lograron salvarse aferrándose a las ramas de un árbol cercano",
    "verb_index": "(3858,3864)",
    "verb": "agregó",
    "reference_index": "(3463,3475)",
    "reference": "Ashwin Mehra",
    "reference_gender": "Male"
  },
  {
    "quote_index": "(3899,3993)",
    "quote": "no corrió con la misma suerte: cayó al río y ahora debe someterse a una operación en la pierna",
    "verb_index": "(4001,4006)",
    "verb": "contó",
    "reference_index": "(3866,3877)",
    "reference": "Migul Rawal",
    "reference_gender": "Male",
    "speaker_index": "(3866,3877)",
    "speaker_text": "Migul Rawal"
  },
  {
    "quote_index": "(4030,4229)",
    "quote": "\"Había mucho tráfico. La gente discurría por ambos lados. El puente también temblaba mucho. Nosotros, la gente de Morbi, vamos muy a menudo por ese puente, pero nunca lo habíamos visto temblar tanto\"",
    "verb_index": "(4231,4241)",
    "verb": "sentenció.",
    "reference_index": "(3866,3877)",
    "reference": "Migul Rawal",
    "reference_gender": "Male"
  },
  {
    "quote_index": "(4399,4542)",
    "quote": "una indemnización de 200.000 rupias, o unos 2.400 dólares, para los familiares de los fallecidos, y 5.000 rupias o 600 dólares para los heridos",
    "verb_index": "(4391,4398)",
    "verb": "anunció",
    "speaker_index": "(4371,4390)",
    "speaker": "El mandatario indio",
    "reference_index": "(4288,4301)",
    "reference": "Narendra Modi",
    "reference_gender": "Male"
  }
]