[
  {
    "quote_index": "(62,211)",
    "quote": "la creación del impuesto a la banca sigue adelante, a pesar de que el Banco Central Europeo (BCE) protegiese a las entidades y cuestionase el tributo",
    "verb_index": "(47,57)",
    "verb": "confirmado",
    "reference_index": "(29,42)",
    "reference": "Pedro Sánchez",
    "reference_gender": "Male",
    "speaker_index": "(29,42)",
    "speaker_text": "Pedro Sánchez"
  },
  {
    "quote_index": "(311,430)",
    "quote": "\"Tomamos nota y estudiaremos el informe, pero el Gobierno de España seguirá con su hoja de ruta de crear este impuesto\"",
    "verb_index": "(435,445)",
    "verb": "confirmado",
    "speaker_index": "(446,453)",
    "speaker": "Sánchez",
    "reference_index": "(29,42)",
    "reference": "Pedro Sánchez",
    "reference_gender": "Male"
  },
  {
    "quote_index": "(757,817)",
    "quote": "\"por supuesto que vamos a seguir adelante con este gravamen\"",
    "verb_index": "(746,752)",
    "verb": "afirmó",
    "speaker_index": "(694,701)",
    "speaker": "Calviño",
    "reference_index": "(296,309)",
    "reference": "Nadia Calviño",
    "reference_gender": "Female"
  },
  {
    "quote_index": "(1051,1370)",
    "quote": "\"Está pasando su tramitación parlamentaria, se producirá ahora la presentación de las correspondientes enmiendas, y se incorporarán aquellas enmiendas o propuestas que consideremos que son más apropiadas y valiosas y que puedan mejorar el funcionamiento de este impuesto, que espero que entre en vigor lo antes posible\"",
    "verb_index": "(1375,1384)",
    "verb": "recalcado",
    "speaker_index": "(1385,1392)",
    "speaker": "Calviño",
    "reference_index": "(296,309)",
    "reference": "Nadia Calviño",
    "reference_gender": "Female"
  },
  {
    "quote_index": "(1511,1593)",
    "quote": "el organismo pretende ayudar al Gobierno a evaluar la cuestión de forma exhaustiva",
    "verb_index": "(1498,1506)",
    "verb": "defendió",
    "reference_index": "(1481,1496)",
    "reference": "Luis de Guindos",
    "reference_gender": "Male",
    "speaker_index": "(1481,1496)",
    "speaker_text": "Luis de Guindos"
  },
  {
    "quote_index": "(1613,1718)",
    "quote": "\"al final, va a ser una decisión democrática que tome el Gobierno español y le corresponde seguirla o no\"",
    "verb_index": "(1602,1608)",
    "verb": "añadía",
    "reference_index": "(1481,1496)",
    "reference": "Luis de Guindos",
    "reference_gender": "Male",
    "speaker_index": "(1481,1496)",
    "speaker_text": "Luis de Guindos"
  },
  {
    "quote_index": "(1720,1783)",
    "quote": "\"Yo agradezco sin duda la ganas de ayudar del señor de Guindos\"",
    "verb_index": "(1788,1796)",
    "verb": "señalado",
    "speaker_index": "(1797,1804)",
    "speaker": "Sánchez",
    "reference_index": "(29,42)",
    "reference": "Pedro Sánchez",
    "reference_gender": "Male"
  },
  {
    "quote_index": "(2686,2752)",
    "quote": "las entidades \"no necesitan trasladar este gravamen a lo clientes\"",
    "verb_index": "(2672,2681)",
    "verb": "manifestó",
    "speaker_index": "(2664,2671)",
    "speaker": "Calviño",
    "reference_index": "(296,309)",
    "reference": "Nadia Calviño",
    "reference_gender": "Female"
  }
]