[
  {
    "quote_index": "(3055,3185)",
    "quote": "el próximo 15 de noviembre realizaría \"un anuncio muy grande\", sugiriendo que podría ser la presentación oficial de su candidatura",
    "verb_index": "(3043,3050)",
    "verb": "anunció",
    "speaker_index": "(3034,3039)",
    "speaker": "Trump",
    "reference_index": "(526,538)",
    "reference": "Donald Trump",
    "reference_gender": "Male"
  },
  {
    "quote_index": "(4215,4288)",
    "quote": "\"Ha sido una victoria histórica. Jamás nos rendiremos ante la turba woke\"",
    "reference_index": "(459,471)",
    "reference": "Ron DeSantis",
    "reference_gender": "Male"
  },
  {
    "quote_index": "(4413,4579)",
    "quote": "\"Creo que, si se presenta, podría hacerse mucho daño. Realmente creo que podría hacerse mucho daño. Creo que a la base no le gustaría. No sería bueno para el partido\"",
    "reference_index": "(526,538)",
    "reference": "Donald Trump",
    "reference_gender": "Male"
  },
  {
    "quote_index": "(4979,5200)",
    "quote": "entre sus planes están, entre otras cosas, investigar a Joe Biden y hasta plantear su juicio político o investigar al Departamento de Justicia sobre el proceso contra Donald Trump por los documentos secretos de Mar-a-Lago",
    "verb_index": "(4965,4974)",
    "verb": "asegurado",
    "speaker_index": "(4953,4958)",
    "speaker": "quien",
    "reference_index": "(4911,4925)",
    "reference": "Kevin McCarthy",
    "reference_gender": "Male"
  },
  {
    "quote_index": "(5731,5789)",
    "quote": "\"Definitivamente no es una ola republicana, eso es seguro\"",
    "verb_index": "(5791,5798)",
    "verb": "aseguró",
    "reference_index": "(5838,5852)",
    "reference": "Lindsay Graham",
    "reference_gender": "Male",
    "speaker_index": "(5838,5852)",
    "speaker_text": "Lindsay Graham"
  },
  {
    "quote_index": "(6982,7054)",
    "quote": "se estaban produciendo situaciones de fraude electoral en estos comicios",
    "verb_index": "(6950,6957)",
    "verb": "afirmar",
    "speaker_index": "(6934,6939)",
    "speaker": "Trump",
    "reference_index": "(526,538)",
    "reference": "Donald Trump",
    "reference_gender": "Male"
  },
  {
    "quote_index": "(7065,7170)",
    "quote": "sin pruebas, a varios estados, cuyas autoridades negaron que dichas situaciones se estuvieran produciendo",
    "verb_index": "(7057,7063)",
    "verb": "señaló",
    "reference_index": "(526,538)",
    "reference": "Donald Trump",
    "reference_gender": "Male"
  }
]