[
  {
    "quote_index": "(63,234)",
    "quote": "este miércoles en París la nueva ley de memoria democrática, que a su juicio se asienta en los valores de la construcción europea y conecta con los principios democráticos",
    "verb_index": "(54,62)",
    "verb": "defendió",
    "reference_index": "(39,52)",
    "reference": "Félix Bolaños",
    "reference_gender": "Male",
    "speaker_index": "(39,52)",
    "speaker_text": "Félix Bolaños"
  },
  {
    "quote_index": "(252,553)",
    "quote": "la dimensión internacional y, sobre todo, europea de esa ley durante el acto anual de conmemoración de la liberación de París de La Nueve, la compañía formada mayoritariamente por republicanos españoles que fue la avanzadilla de las fuerzas que expulsaron a los ocupantes nazis el 24 de agosto de 1944",
    "verb_index": "(244,251)",
    "verb": "destacó",
    "speaker_index": "(236,243)",
    "speaker": "Bolaños",
    "reference_index": "(39,52)",
    "reference": "Félix Bolaños",
    "reference_gender": "Male"
  },
  {
    "quote_index": "(555,766)",
    "quote": "\"Quise que mi primer viaje oficial como ministro fuera para homenajear a los héroes de La Nueve que liberaron París de la amenaza nazi y consiguieron esculpir el nombre de España en la liberación de esta ciudad\"",
    "verb_index": "(771,782)",
    "verb": "manifestado",
    "speaker_index": "(783,794)",
    "speaker": "el ministro",
    "reference_index": "(39,52)",
    "reference": "Félix Bolaños",
    "reference_gender": "Male"
  },
  {
    "quote_index": "(813,902)",
    "quote": "estos españoles \"valientes\" lucharon por unos ideales que hoy se deben seguir defendiendo",
    "verb_index": "(800,808)",
    "verb": "resaltar",
    "speaker_index": "(783,794)",
    "speaker": "el ministro",
    "reference_index": "(39,52)",
    "reference": "Félix Bolaños",
    "reference_gender": "Male"
  },
  {
    "quote_index": "(1058,1224)",
    "quote": "justamente este miércoles Ucrania celebra el aniversario de su independencia a la vez que se cumplen seis meses de la invasión rusa y de la guerra provocada por Putin",
    "verb_index": "(1036,1045)",
    "verb": "recordado",
    "speaker_index": "(1003,1032)",
    "speaker": "El ministro de la Presidencia",
    "reference_index": "(39,52)",
    "reference": "Félix Bolaños",
    "reference_gender": "Male"
  },
  {
    "quote_index": "(1226,1556)",
    "quote": "\"Este hecho nos hace recordar con más fuerza la importancia que tuvo La Nueve recuperando la libertad de París frente a los ataques contrarios al derecho internacional, a los derechos humanos y a la dignidad humana que es lo que significan las agresiones injustificadas y crueles en cualquier momento y en cualquier circunstancia\"",
    "verb_index": "(1561,1570)",
    "verb": "asegurado",
    "speaker_index": "(1571,1578)",
    "speaker": "Bolaños",
    "reference_index": "(39,52)",
    "reference": "Félix Bolaños",
    "reference_gender": "Male"
  },
  {
    "quote_index": "(1720,1861)",
    "quote": "el Gobierno de Pedro Sánchez \"hace un trabajo extraordinario al confrontarse a la cuestión de su historia\" como lo ha hecho y lo hace Francia",
    "verb_index": "(1710,1715)",
    "verb": "decir",
    "reference_index": "(1635,1647)",
    "reference": "Anne Hidalgo",
    "reference_gender": "Female",
    "speaker_index": "(1635,1647)",
    "speaker_text": "Anne Hidalgo"
  },
  {
    "quote_index": "(1994,2078)",
    "quote": "la ley \"ha despertado a una derecha española que se escondía y que ya no se esconde\"",
    "verb_index": "(1980,1989)",
    "verb": "defendido",
    "speaker_index": "(1969,1976)",
    "speaker": "Hidalgo",
    "reference_index": "(1635,1647)",
    "reference": "Anne Hidalgo",
    "reference_gender": "Female"
  },
  {
    "quote_index": "(2109,2321)",
    "quote": "hay que apoyarla porque es un \"acto de valor, de coraje político, al correr el riesgo de abrir esas páginas de la historia\" sobre la Guerra Civil en la que \"algunos quieren borrar la responsabilidad del dictador\"",
    "verb_index": "(2095,2104)",
    "verb": "subrayado",
    "reference_index": "(1635,1647)",
    "reference": "Anne Hidalgo",
    "reference_gender": "Female"
  }
]