[
  {
    "quote_index": "(1068,1182)",
    "quote": "\"Entonces comenzó un recorrido carcelario tormentoso, pasó por Talavera y el penal de Ocaña, y muchos centros más\"",
    "verb_index": "(1184,1190)",
    "verb": "relata",
    "speaker_index": "(1191,1196)",
    "speaker": "Pedro",
    "reference_index": "(701,712)",
    "reference": "Pedro Monje",
    "reference_gender": "Male"
  },
  {
    "quote_index": "(1866,2107)",
    "quote": "\"Creemos que se vio envuelto en Bustarviejo porque en la Guerra le hicieron especialista en explosivos, aunque muchos otros compañeros de mi padre en el destacamento no eran nada de esto y también estaban ahí, así que no sabemos nada seguro\"",
    "verb_index": "(2109,2115)",
    "verb": "indica",
    "speaker_index": "(2116,2123)",
    "speaker": "el hijo",
    "reference_index": "(701,712)",
    "reference": "Pedro Monje",
    "reference_gender": "Male"
  },
  {
    "quote_index": "(2263,2346)",
    "quote": "\"Lo sé porque yo nací un año después y tenía referencias de que me fabricaron allí\"",
    "reference_index": "(701,712)",
    "reference": "Pedro Monje",
    "reference_gender": "Male"
  },
  {
    "quote_index": "(2626,2693)",
    "quote": "la peor parte se la llevó su hermano mayor, fallecido hace dos años",
    "verb_index": "(2616,2624)",
    "verb": "recuerda",
    "reference_index": "(701,712)",
    "reference": "Pedro Monje",
    "reference_gender": "Male"
  },
  {
    "quote_index": "(2695,2997)",
    "quote": "\"Él sí que acompañó a mi madre en las chabolas cerca de las prisiones y los campos de trabajo, y lo utilizaban para transportar explosivos porque era una forma de tenerlos como rehenes, porque allí no había vallas, ni cercados, pero a dónde te ibas a escapar si tu mujer e hijos estaban ya cerca de ti\"",
    "verb_index": "(2999,3007)",
    "verb": "rememora",
    "reference_index": "(701,712)",
    "reference": "Pedro Monje",
    "reference_gender": "Male"
  },
  {
    "quote_index": "(3373,3527)",
    "quote": "\"Después de aquello tuvimos que vivir con el estigma de ser unos rojos, desterrados de nuestro pueblo y sufriendo la vigilancia de los guardas de la zona\"",
    "verb_index": "(3529,3535)",
    "verb": "agrega",
    "reference_index": "(701,712)",
    "reference": "Pedro Monje",
    "reference_gender": "Male"
  },
  {
    "quote_index": "(3713,3762)",
    "quote": "\"por ver en los archivos que era hijo de un rojo\"",
    "speaker_index": "(3786,3791)",
    "speaker": "Pedro",
    "reference_index": "(701,712)",
    "reference": "Pedro Monje",
    "reference_gender": "Male",
    "trigger_index": "(3764,3785)",
    "trigger": "en palabras del mismo"
  },
  {
    "quote_index": "(4299,4508)",
    "quote": "\"Él solo empezó a hablar de esto cuando Franco murió. De hecho, tras instalarnos en Madrid y ocurría cualquier altercado con estudiantes o trabajadores, venían a nuestra casa a averiguar dónde estaba mi padre\"",
    "verb_index": "(4510,4516)",
    "verb": "relata",
    "speaker_index": "(4517,4524)",
    "speaker": "su hija",
    "reference_index": "(3838,3853)",
    "reference": "Ángeles Herrera",
    "reference_gender": "Female"
  },
  {
    "quote_index": "(4660,4788)",
    "quote": "\"Siempre nos decía que tuviéramos mucho cuidado, que él estaba muy señalado, y que a ver si nos iban a pillar en alguna reunión\"",
    "verb_index": "(4790,4799)",
    "verb": "determina",
    "speaker_index": "(4800,4807)",
    "speaker": "Ángeles",
    "reference_index": "(3838,3853)",
    "reference": "Ángeles Herrera",
    "reference_gender": "Female"
  },
  {
    "quote_index": "(5153,5264)",
    "quote": "\"Cuando vimos el campo fue una cosa horrible, el pensar que solo comían piel de naranjas y zanahorias cocidas…\"",
    "verb_index": "(5266,5274)",
    "verb": "recuerda",
    "speaker_index": "(5275,5282)",
    "speaker": "Ángeles",
    "reference_index": "(3838,3853)",
    "reference": "Ángeles Herrera",
    "reference_gender": "Female"
  },
  {
    "quote_index": "(5379,5601)",
    "quote": "\"Pasamos muy mal nuestra niñez en Madrid. Cuando la iglesia daba cosas para los pobres, leche y queso de bola, a nosotros nunca nos daban nada porque mi padre era un rojo y parecía que los rojos no se merecían ni respirar\"",
    "speaker_index": "(5622,5629)",
    "speaker": "su hija",
    "reference_index": "(3838,3853)",
    "reference": "Ángeles Herrera",
    "reference_gender": "Female",
    "trigger_index": "(5603,5621)",
    "trigger": "en las palabras de"
  },
  {
    "quote_index": "(5654,5722)",
    "quote": "lo duro que era preguntarle a su madre cuántas aceitunas podía comer",
    "verb_index": "(5645,5653)",
    "verb": "recuerda",
    "speaker_index": "(5631,5636)",
    "speaker": "quien",
    "reference_index": "(3838,3853)",
    "reference": "Ángeles Herrera",
    "reference_gender": "Female"
  },
  {
    "quote_index": "(5871,6106)",
    "quote": "\"Desde que murió el dictador, él empezó a vivir. Su vida era el PSOE. En lo que tardaron en abrir una sede en Vallecas, allí se pasaba todas las tardes, ayudando y haciendo lo que fuese con tal de estar por la democracia y la libertad\"",
    "verb_index": "(6108,6115)",
    "verb": "enuncia",
    "speaker_index": "(6116,6123)",
    "speaker": "Ángeles",
    "reference_index": "(3838,3853)",
    "reference": "Ángeles Herrera",
    "reference_gender": "Female"
  },
  {
    "quote_index": "(6289,6503)",
    "quote": "\"Intentó participar en la revolución de 1934, pero no le dejaron porque era muy joven, así que le relegaron a labores en la retaguardia. Con la llegada de la Guerra, además, mintió con su edad para poder alistarse\"",
    "verb_index": "(6505,6512)",
    "verb": "comenta",
    "reference_index": "(6166,6178)",
    "reference": "María Peláez",
    "reference_gender": "Female",
    "speaker_index": "(6166,6178)",
    "speaker_text": "María Peláez"
  },
  {
    "quote_index": "(6913,7114)",
    "quote": "\"Yo nació en mayo de 1962, con la gran huelga minera. A mi padre ya le habían detenido en 1958 y mi hermana recuerda cómo iba con ella a firmar al cuartel de la Guardia Civil, porque así no le pegaban\"",
    "verb_index": "(7116,7123)",
    "verb": "refleja",
    "speaker_index": "(7124,7129)",
    "speaker": "María",
    "reference_index": "(6166,6178)",
    "reference": "María Peláez",
    "reference_gender": "Female"
  },
  {
    "quote_index": "(7286,7429)",
    "quote": "\"A mí me lo camuflaba todo mucho, pero era un hombre muy positivo que jamás escondió sus ideas y que nunca pasó por la vida como lo que no era\"",
    "verb_index": "(7431,7435)",
    "verb": "dice",
    "reference_index": "(6166,6178)",
    "reference": "María Peláez",
    "reference_gender": "Female"
  },
  {
    "quote_index": "(7640,7767)",
    "quote": "no tienen ni idea de por qué, pero un día llegó a su casa una carta en la que le amnistiaban como preso político del franquismo",
    "speaker_index": "(7631,7638)",
    "speaker": "su hija",
    "reference_index": "(6166,6178)",
    "reference": "María Peláez",
    "reference_gender": "Female",
    "trigger_index": "(7625,7630)",
    "trigger": "Según"
  },
  {
    "quote_index": "(7847,8088)",
    "quote": "\"Mi padre siempre habló de lo ocurrido, pero hay tantos que no lo hicieron… Me arrepiento de no haberle escuchado más, haber puesto más atención, porque solo fui consciente de lo que sufrió cuando visité el destacamento penal de Bustarviejo\"",
    "verb_index": "(8090,8096)",
    "verb": "afirma",
    "speaker_index": "(8097,8102)",
    "speaker": "María",
    "reference_index": "(6166,6178)",
    "reference": "María Peláez",
    "reference_gender": "Female"
  },
  {
    "quote_index": "(8274,8343)",
    "quote": "\"Y a pesar de las penurias que sufrió, nunca habló con rencor u odio\"",
    "verb_index": "(8345,8353)",
    "verb": "concluye",
    "speaker_index": "(8354,8361)",
    "speaker": "su hija",
    "reference_index": "(6166,6178)",
    "reference": "María Peláez",
    "reference_gender": "Female"
  }
]