[
  {
    "quote_index": "(2288,2372)",
    "quote": "a la oposición que valore sus medidas futuras de una forma objetiva, no \"ideológica\"",
    "verb_index": "(2282,2287)",
    "verb": "pidió",
    "reference_index": "(38,52)",
    "reference": "Giorgia Meloni",
    "reference_gender": "Female"
  },
  {
    "quote_index": "(2374,2736)",
    "quote": "\"Nosotros siempre hicimos una oposición muy franca porque creo que el debate es la sal de la democracia. En muchas ocasiones se pudo contar con Hermanos de Italia (...) Esta valentía y lealtad es lo que puedo pedir a la oposición, que se pueda hablar de temas, que no se hagan debates ideológicos. Espero que valoréis mis medidas para decidir si las votáis o no\"",
    "verb_index": "(2738,2742)",
    "verb": "dijo",
    "reference_index": "(38,52)",
    "reference": "Giorgia Meloni",
    "reference_gender": "Female"
  },
  {
    "quote_index": "(3210,3241)",
    "quote": "sentirse \"feliz\" por su regreso",
    "verb_index": "(3202,3209)",
    "verb": "aseguró",
    "reference_index": "(3028,3038)",
    "reference": "Berlusconi",
    "reference_gender": "Male"
  },
  {
    "quote_index": "(3282,3349)",
    "quote": "su lealtad a Occidente, a la Unión Europea y a la Alianza Atlántica",
    "verb_index": "(3270,3281)",
    "verb": "reivindicar",
    "reference_index": "(3028,3038)",
    "reference": "Berlusconi",
    "reference_gender": "Male"
  },
  {
    "quote_index": "(3594,3728)",
    "quote": "\"Sobre esto, nuestra posición es firme y convencida, absolutamente clara y no puede ser puesta en duda por nadie ni por ningún motivo\"",
    "verb_index": "(3730,3738)",
    "verb": "prometió",
    "speaker_index": "(3739,3776)",
    "speaker": "el controvertido político conservador",
    "reference_index": "(3028,3038)",
    "reference": "Berlusconi",
    "reference_gender": "Male"
  }
]