[
  {
    "quote_index": "(635,787)",
    "quote": "\"Al final es un monumento a todos los desaparecidos, pero que también interpela a todos los monumentos visibles que aún perduran en el panorama español\"",
    "verb_index": "(789,795)",
    "verb": "indica",
    "speaker_index": "(796,802)",
    "speaker": "Merino",
    "reference_index": "(119,133)",
    "reference": "Eugenio Merino",
    "reference_gender": "Male"
  },
  {
    "quote_index": "(804,1103)",
    "quote": "Permanente y submarino, la simbología del proyecto grita hacia la superficie, las cruces que un día marcaron los caminos, y desafía las lógicas que han regido los monumentos hasta ahora en España, difusores de determinadas ideologías en el tiempo, \"que siempre ha sido la ideología del poder. Punto\"",
    "verb_index": "(1105,1113)",
    "verb": "concreta",
    "speaker_index": "(1114,1124)",
    "speaker": "el artista",
    "reference_index": "(119,133)",
    "reference": "Eugenio Merino",
    "reference_gender": "Male"
  },
  {
    "quote_index": "(1428,1597)",
    "quote": "\"Al final esto es un contramonumento, una acción que lucha contra una forma de entender el espacio público y en el que siempre se han planteado las narrativas del poder\"",
    "verb_index": "(1599,1609)",
    "verb": "reflexiona",
    "speaker_index": "(1610,1616)",
    "speaker": "Merino",
    "reference_index": "(119,133)",
    "reference": "Eugenio Merino",
    "reference_gender": "Male"
  },
  {
    "quote_index": "(2283,2433)",
    "quote": "\"Yo creo que el arte debe funcionar así, como una herramienta de transformación social, abriendo debates y fomentando la conciencia sobre estos temas\"",
    "verb_index": "(2435,2441)",
    "verb": "agrega",
    "reference_index": "(119,133)",
    "reference": "Eugenio Merino",
    "reference_gender": "Male"
  },
  {
    "quote_index": "(2661,2907)",
    "quote": "\"El ascenso de la extrema derecha, a la que se banalizan sus discursos y se convierten en masivos, aunque sea la derecha de toda la vida que ha llevado en su seno a la ultraderecha, hace que el artista tenga que ser más evidente en sus proyectos\"",
    "reference_index": "(119,133)",
    "reference": "Eugenio Merino",
    "reference_gender": "Male"
  },
  {
    "quote_index": "(2926,3066)",
    "quote": "\"Cuando no hay nada que decir, pues ya está, pero cuando la cosa está menos clara, los planteamientos artísticos deben ser más de guerrilla\"",
    "reference_index": "(119,133)",
    "reference": "Eugenio Merino",
    "reference_gender": "Male"
  },
  {
    "quote_index": "(3161,3271)",
    "quote": "los negacionistas de la memoria histórica son los descendientes de aquellos que se beneficiaron del franquismo",
    "verb_index": "(3147,3156)",
    "verb": "considera",
    "speaker_index": "(3068,3070)",
    "speaker": "Él",
    "reference_index": "(119,133)",
    "reference": "Eugenio Merino",
    "reference_gender": "Male"
  },
  {
    "quote_index": "(3273,3600)",
    "quote": "\"Como artistas podemos trabajar sobre la recuperación de la memoria de los vencidos. Los vencedores ya convirtieron España en su propio museo del fascismo. Por eso, a veces tenemos que construir un monumento y otras veces derribarlo. Derribar es un acto de destrucción creativa de aquellos valores que la sociedad ya no acepta\"",
    "verb_index": "(3602,3612)",
    "verb": "desarrolla",
    "speaker_index": "(3613,3619)",
    "speaker": "Merino",
    "reference_index": "(119,133)",
    "reference": "Eugenio Merino",
    "reference_gender": "Male"
  },
  {
    "quote_index": "(3901,4010)",
    "quote": "\"El humor siempre tiene que ser agudo, pero ahora con la extrema derecha lo que tiene que ser es más crítico\"",
    "verb_index": "(4012,4018)",
    "verb": "relata",
    "reference_index": "(119,133)",
    "reference": "Eugenio Merino",
    "reference_gender": "Male"
  },
  {
    "quote_index": "(4149,4532)",
    "quote": "\"Yo la veo muy presente, de verdad. Está la censura económica y, por ejemplo, la corporativa dentro de los medios de comunicación que dicen qué se puede tocar y qué no. También hay propaganda, que es otra forma de ocultar las cosas. Y también dentro de la institución del arte, ya que es la que suele hacer una preselección de artistas y obras y muchas veces parte de cierta censura\"",
    "verb_index": "(4537,4544)",
    "verb": "explaya",
    "speaker_index": "(4545,4555)",
    "speaker": "el artista",
    "reference_index": "(119,133)",
    "reference": "Eugenio Merino",
    "reference_gender": "Male"
  },
  {
    "quote_index": "(4799,4958)",
    "quote": "lo importante, \"porque muchas veces hablamos del mar como fosa común, pero eso es una manera en la que olvidamos quién está allí, un lugar en el que se diluye\"",
    "verb_index": "(4796,4798)",
    "verb": "es",
    "speaker_index": "(4784,4790)",
    "speaker": "Merino",
    "reference_index": "(119,133)",
    "reference": "Eugenio Merino",
    "reference_gender": "Male"
  },
  {
    "quote_index": "(5001,5035)",
    "quote": "\"antifascista hay que ser siempre\"",
    "verb_index": "(4988,4996)",
    "verb": "enfatiza",
    "speaker_index": "(4981,4987)",
    "speaker": "Merino",
    "reference_index": "(119,133)",
    "reference": "Eugenio Merino",
    "reference_gender": "Male"
  },
  {
    "quote_index": "(5091,5453)",
    "quote": "\"Yo creo que el arte no debe quedarse en un punto intermedio. Hoy en día, en la cultura nos encontramos muchos lugares intermedios como si ahí estuviera la razón, pero no debe existir un lugar intermedio para determinadas ideas. En esta lucha por los derechos humanos, la igualdad y crear una sociedad más libre hay cosas por las que el artista no debería pasar\"",
    "reference_index": "(119,133)",
    "reference": "Eugenio Merino",
    "reference_gender": "Male"
  },
  {
    "quote_index": "(5714,5768)",
    "quote": "\"el artista no debe participar de todos esos procesos\"",
    "verb_index": "(5770,5777)",
    "verb": "recalca",
    "reference_index": "(119,133)",
    "reference": "Eugenio Merino",
    "reference_gender": "Male"
  },
  {
    "quote_index": "(5825,5931)",
    "quote": "\"aunque hay posturas antagónicas en el mundo del arte y la cultura, en general son bastante conservadores\"",
    "verb_index": "(5803,5810)",
    "verb": "declara",
    "speaker_index": "(5779,5781)",
    "speaker": "Él",
    "reference_index": "(119,133)",
    "reference": "Eugenio Merino",
    "reference_gender": "Male"
  },
  {
    "quote_index": "(5966,6109)",
    "quote": "El mundo del arte y la cultura, pronuncia este madrileño que nació el mismo año en que murió Franco, no se encuentra tan alejado de la política",
    "verb_index": "(5998,6007)",
    "verb": "pronuncia",
    "speaker_index": "(6008,6065)",
    "speaker": "este madrileño que nació el mismo año en que murió Franco",
    "reference_index": "(119,133)",
    "reference": "Eugenio Merino",
    "reference_gender": "Male"
  },
  {
    "quote_index": "(6112,6356)",
    "quote": "En España se habla mucho del libre mercado, pero aquí importa la política. El libre mercado me dejaría hacerme rico con una pieza de Franco, pero en España tenemos un capitalismo de amiguetes, un mercado libre inexistente repleto de corrupción\"",
    "verb_index": "(6358,6363)",
    "verb": "añade",
    "reference_index": "(119,133)",
    "reference": "Eugenio Merino",
    "reference_gender": "Male"
  },
  {
    "quote_index": "(6645,6891)",
    "quote": "\"Es difícil encontrarlos porque los conocemos de tú a tú, pero son muchos, y si los uniésemos seguramente veríamos un patrón, el de aquellos artistas que cuestionan elementos relacionados con la monarquía o las políticas exteriores de sus países\"",
    "verb_index": "(6893,6900)",
    "verb": "explica",
    "reference_index": "(119,133)",
    "reference": "Eugenio Merino",
    "reference_gender": "Male"
  },
  {
    "quote_index": "(7249,7506)",
    "quote": "\"Hemos hablado tanto de ellos que ya hasta nos olvidamos, pero la realidad es que la religión y el poder que tiene es algo demencial. Lo hemos normalizado y es una cosa que convierte a España en un país medieval. Entre la monarquía y la religión, imagínate\"",
    "reference_index": "(119,133)",
    "reference": "Eugenio Merino",
    "reference_gender": "Male"
  },
  {
    "quote_index": "(7508,7517)",
    "quote": "Imagínate",
    "verb_index": "(7519,7523)",
    "verb": "dice",
    "speaker_index": "(7524,7534)",
    "speaker": "el artista",
    "reference_index": "(119,133)",
    "reference": "Eugenio Merino",
    "reference_gender": "Male"
  }
]