[
  {
    "quote_index": "(698,804)",
    "quote": "tras esta votación, tanto el presidente del país, Emmanuel Macron, como Borne, son \"más débiles que nunca\"",
    "verb_index": "(681,690)",
    "verb": "advertido",
    "speaker_index": "(671,676)",
    "speaker": "Nupes",
    "reference_index": "(144,183)",
    "reference": "Nueva Unión Popular Ecologista y Social",
    "reference_gender": "Unknown"
  },
  {
    "quote_index": "(858,911)",
    "quote": "votaría a favor de la moción de censura antes de esta",
    "verb_index": "(819,828)",
    "verb": "anunciado",
    "speaker_index": "(806,812)",
    "speaker": "Le Pen",
    "reference_index": "(305,318)",
    "reference": "Marine Le Pen",
    "reference_gender": "Female"
  },
  {
    "quote_index": "(1075,1174)",
    "quote": "apuntando con ironía a la posibilidad de que Le Pen y la extrema izquierda pudieran gobernar juntos",
    "verb_index": "(1064,1074)",
    "verb": "contestado",
    "speaker_index": "(1055,1060)",
    "speaker": "Borne",
    "reference_index": "(392,407)",
    "reference": "Élisabeth Borne",
    "reference_gender": "Female"
  }
]